[2026-05-15 16:55:32] [INFO] 错误: 对应表不存在于 E:\杂七杂八\trea项目\xiang\dist\成果
[2026-05-15 16:55:32] [INFO] 错误: 对应表不存在: E:\杂七杂八\trea项目\xiang\dist\成果\对应表.xlsm
[2026-05-15 16:56:26] [INFO] 错误: 对应表不存在于 E:\杂七杂八\trea项目\xiang\dist\成果 或 E:\杂七杂八\trea项目\xiang\src\模板
[2026-05-15 16:56:26] [INFO] 错误: 对应表不存在
[2026-05-15 16:56:43] [INFO] 找到对应表: E:\杂七杂八\trea项目\xiang\dist\模板\对应表.XLSX
[2026-05-15 16:56:43] [INFO] ===== 开始整理 E:\杂七杂八\trea项目\xiang\dist\成果 =====
[2026-05-15 16:56:43] [INFO] 工作表数量: 6
[2026-05-15 16:56:43] [INFO] 正在处理Sheet4
[2026-05-15 16:56:43] [INFO] A1(一级文件夹): '防治对象'
[2026-05-15 16:56:43] [INFO] A2(二级文件夹): '测量表'
[2026-05-15 16:56:43] [INFO] 创建一级文件夹: E:\杂七杂八\trea项目\xiang\dist\成果\防治对象
[2026-05-15 16:56:43] [INFO] 创建二级文件夹: E:\杂七杂八\trea项目\xiang\dist\成果\防治对象\测量表
[2026-05-15 16:56:43] [INFO] 总列数: 21
[2026-05-15 16:56:43] [INFO] 第1列: 三级文件夹='360481002211103_桂林村桂林桥01'
[2026-05-15 16:56:43] [INFO] 创建三级文件夹: E:\杂七杂八\trea项目\xiang\dist\成果\防治对象\测量表\360481002211103_桂林村桂林桥01
[2026-05-15 16:56:43] [INFO] 第1列文件数量: 5
[2026-05-15 16:56:43] [INFO] 复制文件: E:\杂七杂八\trea项目\xiang\dist\成果\沟道横断面成果表_AFAE900121F00000ZACS001.xlsx -> E:\杂七杂八\trea项目\xiang\dist\成果\防治对象\测量表\360481002211103_桂林村桂林桥01\沟道横断面成果表_AFAE900121F00000ZACS001.xlsx
[2026-05-15 16:56:43] [INFO] 复制文件: E:\杂七杂八\trea项目\xiang\dist\成果\沟道横断面成果表_AFAE90012E000000ZACS001.xlsx -> E:\杂七杂八\trea项目\xiang\dist\成果\防治对象\测量表\360481002211103_桂林村桂林桥01\沟道横断面成果表_AFAE90012E000000ZACS001.xlsx
[2026-05-15 16:56:43] [INFO] 复制文件: E:\杂七杂八\trea项目\xiang\dist\成果\沟道横断面成果表_AFAE90012E000000ZACS002.xlsx -> E:\杂七杂八\trea项目\xiang\dist\成果\防治对象\测量表\360481002211103_桂林村桂林桥01\沟道横断面成果表_AFAE90012E000000ZACS002.xlsx
[2026-05-15 16:56:43] [INFO] 复制文件: E:\杂七杂八\trea项目\xiang\dist\成果\沟道纵断面成果表_AFAE900121F00000ZACS003.xlsx -> E:\杂七杂八\trea项目\xiang\dist\成果\防治对象\测量表\360481002211103_桂林村桂林桥01\沟道纵断面成果表_AFAE900121F00000ZACS003.xlsx
[2026-05-15 16:56:43] [INFO] 复制文件: E:\杂七杂八\trea项目\xiang\dist\成果\沟道纵断面成果表_AFAE90012D000000ZACS002.xlsx -> E:\杂七杂八\trea项目\xiang\dist\成果\防治对象\测量表\360481002211103_桂林村桂林桥01\沟道纵断面成果表_AFAE90012D000000ZACS002.xlsx
[2026-05-15 16:56:43] [INFO] 第2列: 三级文件夹='360481002211113_桂林村桂林桥02'
[2026-05-15 16:56:43] [INFO] 创建三级文件夹: E:\杂七杂八\trea项目\xiang\dist\成果\防治对象\测量表\360481002211113_桂林村桂林桥02
[2026-05-15 16:56:43] [INFO] 第2列文件数量: 4
[2026-05-15 16:56:43] [INFO] 复制文件: E:\杂七杂八\trea项目\xiang\dist\成果\沟道横断面成果表_AFAE90012D000000ZACS001.xlsx -> E:\杂七杂八\trea项目\xiang\dist\成果\防治对象\测量表\360481002211113_桂林村桂林桥02\沟道横断面成果表_AFAE90012D000000ZACS001.xlsx
[2026-05-15 16:56:43] [INFO] 复制文件: E:\杂七杂八\trea项目\xiang\dist\成果\沟道横断面成果表_AFAE90012E000000ZACS001.xlsx -> E:\杂七杂八\trea项目\xiang\dist\成果\防治对象\测量表\360481002211113_桂林村桂林桥02\沟道横断面成果表_AFAE90012E000000ZACS001.xlsx
[2026-05-15 16:56:43] [INFO] 复制文件: E:\杂七杂八\trea项目\xiang\dist\成果\沟道横断面成果表_AFAE90012E000000ZACS002.xlsx -> E:\杂七杂八\trea项目\xiang\dist\成果\防治对象\测量表\360481002211113_桂林村桂林桥02\沟道横断面成果表_AFAE90012E000000ZACS002.xlsx
[2026-05-15 16:56:43] [INFO] 复制文件: E:\杂七杂八\trea项目\xiang\dist\成果\沟道纵断面成果表_AFAE90012D000000ZACS002.xlsx -> E:\杂七杂八\trea项目\xiang\dist\成果\防治对象\测量表\360481002211113_桂林村桂林桥02\沟道纵断面成果表_AFAE90012D000000ZACS002.xlsx
[2026-05-15 16:56:43] [INFO] 已存在: 沟道横断面成果表_AFAE90012E000000ZACS001.xlsx 在 E:\杂七杂八\trea项目\xiang\dist\成果\防治对象\测量表\360481002211113_桂林村桂林桥02
[2026-05-15 16:56:43] [INFO] 已存在: 沟道横断面成果表_AFAE90012E000000ZACS002.xlsx 在 E:\杂七杂八\trea项目\xiang\dist\成果\防治对象\测量表\360481002211113_桂林村桂林桥02
[2026-05-15 16:56:43] [INFO] 已存在: 沟道纵断面成果表_AFAE90012D000000ZACS002.xlsx 在 E:\杂七杂八\trea项目\xiang\dist\成果\防治对象\测量表\360481002211113_桂林村桂林桥02
[2026-05-15 16:56:43] [INFO] 第3列: 三级文件夹='360481002211123_桂林村桂林桥03'
[2026-05-15 16:56:43] [INFO] 创建三级文件夹: E:\杂七杂八\trea项目\xiang\dist\成果\防治对象\测量表\360481002211123_桂林村桂林桥03
[2026-05-15 16:56:43] [INFO] 第3列文件数量: 5
[2026-05-15 16:56:43] [INFO] 复制文件: E:\杂七杂八\trea项目\xiang\dist\成果\沟道横断面成果表_AFAE900121F00000ZACS001.xlsx -> E:\杂七杂八\trea项目\xiang\dist\成果\防治对象\测量表\360481002211123_桂林村桂林桥03\沟道横断面成果表_AFAE900121F00000ZACS001.xlsx
[2026-05-15 16:56:43] [INFO] 复制文件: E:\杂七杂八\trea项目\xiang\dist\成果\沟道横断面成果表_AFAE900121F00000ZACS002.xlsx -> E:\杂七杂八\trea项目\xiang\dist\成果\防治对象\测量表\360481002211123_桂林村桂林桥03\沟道横断面成果表_AFAE900121F00000ZACS002.xlsx
[2026-05-15 16:56:43] [INFO] 复制文件: E:\杂七杂八\trea项目\xiang\dist\成果\沟道纵断面成果表_AFAE900121F00000ZACS003.xlsx -> E:\杂七杂八\trea项目\xiang\dist\成果\防治对象\测量表\360481002211123_桂林村桂林桥03\沟道纵断面成果表_AFAE900121F00000ZACS003.xlsx
[2026-05-15 16:56:43] [INFO] 复制文件: E:\杂七杂八\trea项目\xiang\dist\成果\沟道纵断面成果表_AFAE90012D000000ZACS002.xlsx -> E:\杂七杂八\trea项目\xiang\dist\成果\防治对象\测量表\360481002211123_桂林村桂林桥03\沟道纵断面成果表_AFAE90012D000000ZACS002.xlsx
[2026-05-15 16:56:43] [INFO] 已存在: 沟道横断面成果表_AFAE900121F00000ZACS001.xlsx 在 E:\杂七杂八\trea项目\xiang\dist\成果\防治对象\测量表\360481002211123_桂林村桂林桥03
[2026-05-15 16:56:43] [INFO] 已存在: 沟道纵断面成果表_AFAE900121F00000ZACS003.xlsx 在 E:\杂七杂八\trea项目\xiang\dist\成果\防治对象\测量表\360481002211123_桂林村桂林桥03
[2026-05-15 16:56:43] [INFO] 已存在: 沟道纵断面成果表_AFAE90012D000000ZACS002.xlsx 在 E:\杂七杂八\trea项目\xiang\dist\成果\防治对象\测量表\360481002211123_桂林村桂林桥03
[2026-05-15 16:56:43] [INFO] 已存在: 沟道纵断面成果表_AFAE90012D000000ZACS002.xlsx 在 E:\杂七杂八\trea项目\xiang\dist\成果\防治对象\测量表\360481002211123_桂林村桂林桥03
[2026-05-15 16:56:43] [INFO] 第4列: 三级文件夹='360481106207101_永兴村堰边朱'
[2026-05-15 16:56:43] [INFO] 创建三级文件夹: E:\杂七杂八\trea项目\xiang\dist\成果\防治对象\测量表\360481106207101_永兴村堰边朱
[2026-05-15 16:56:43] [INFO] 第4列文件数量: 8
[2026-05-15 16:56:43] [INFO] 第5列: 三级文件夹='360481106207100_永兴村楼下朱'
[2026-05-15 16:56:43] [INFO] 创建三级文件夹: E:\杂七杂八\trea项目\xiang\dist\成果\防治对象\测量表\360481106207100_永兴村楼下朱
[2026-05-15 16:56:43] [INFO] 第5列文件数量: 4
[2026-05-15 16:56:43] [INFO] 第6列: 三级文件夹='360481106202127_乐丰村范湾'
[2026-05-15 16:56:43] [INFO] 创建三级文件夹: E:\杂七杂八\trea项目\xiang\dist\成果\防治对象\测量表\360481106202127_乐丰村范湾
[2026-05-15 16:56:43] [INFO] 第6列文件数量: 4
[2026-05-15 16:56:43] [INFO] 第7列: 三级文件夹='360481106200106_永丰村老屋陈家'
[2026-05-15 16:56:43] [INFO] 创建三级文件夹: E:\杂七杂八\trea项目\xiang\dist\成果\防治对象\测量表\360481106200106_永丰村老屋陈家
[2026-05-15 16:56:43] [INFO] 第7列文件数量: 4
[2026-05-15 16:56:43] [INFO] 第8列: 三级文件夹='360481106200105_永丰村黄家'
[2026-05-15 16:56:43] [INFO] 创建三级文件夹: E:\杂七杂八\trea项目\xiang\dist\成果\防治对象\测量表\360481106200105_永丰村黄家
[2026-05-15 16:56:43] [INFO] 第8列文件数量: 4
[2026-05-15 16:56:43] [INFO] 第9列: 三级文件夹='360481106205101_铺头村龚湾外屋'
[2026-05-15 16:56:43] [INFO] 创建三级文件夹: E:\杂七杂八\trea项目\xiang\dist\成果\防治对象\测量表\360481106205101_铺头村龚湾外屋
[2026-05-15 16:56:43] [INFO] 第9列文件数量: 4
[2026-05-15 16:56:43] [INFO] 第10列: 三级文件夹='360481106205112_铺头村邓家坝'
[2026-05-15 16:56:43] [INFO] 创建三级文件夹: E:\杂七杂八\trea项目\xiang\dist\成果\防治对象\测量表\360481106205112_铺头村邓家坝
[2026-05-15 16:56:43] [INFO] 第10列文件数量: 4
[2026-05-15 16:56:43] [INFO] 第11列: 三级文件夹='360481106205110_铺头村大屋李'
[2026-05-15 16:56:43] [INFO] 创建三级文件夹: E:\杂七杂八\trea项目\xiang\dist\成果\防治对象\测量表\360481106205110_铺头村大屋李
[2026-05-15 16:56:43] [INFO] 第11列文件数量: 4
[2026-05-15 16:56:43] [INFO] 第12列: 三级文件夹='360481106205107_铺头何家'
[2026-05-15 16:56:43] [INFO] 创建三级文件夹: E:\杂七杂八\trea项目\xiang\dist\成果\防治对象\测量表\360481106205107_铺头何家
[2026-05-15 16:56:43] [INFO] 第12列文件数量: 4
[2026-05-15 16:56:43] [INFO] 第13列: 三级文件夹='360481203200103_张家铺村瓜坑'
[2026-05-15 16:56:43] [INFO] 创建三级文件夹: E:\杂七杂八\trea项目\xiang\dist\成果\防治对象\测量表\360481203200103_张家铺村瓜坑
[2026-05-15 16:56:43] [INFO] 第13列文件数量: 4
[2026-05-15 16:56:43] [INFO] 第14列: 三级文件夹='360481203200100_张家铺村桐林坂'
[2026-05-15 16:56:43] [INFO] 创建三级文件夹: E:\杂七杂八\trea项目\xiang\dist\成果\防治对象\测量表\360481203200100_张家铺村桐林坂
[2026-05-15 16:56:43] [INFO] 第14列文件数量: 4
[2026-05-15 16:56:43] [INFO] 第15列: 三级文件夹='360481002210102_光明村坎下詹家'
[2026-05-15 16:56:43] [INFO] 创建三级文件夹: E:\杂七杂八\trea项目\xiang\dist\成果\防治对象\测量表\360481002210102_光明村坎下詹家
[2026-05-15 16:56:43] [INFO] 第15列文件数量: 4
[2026-05-15 16:56:43] [INFO] 第16列: 三级文件夹='360481002209110_常丰村下汪村'
[2026-05-15 16:56:43] [INFO] 创建三级文件夹: E:\杂七杂八\trea项目\xiang\dist\成果\防治对象\测量表\360481002209110_常丰村下汪村
[2026-05-15 16:56:43] [INFO] 第16列文件数量: 4
[2026-05-15 16:56:43] [INFO] 第17列: 三级文件夹='360421201201108_黄洞村帐山新屋'
[2026-05-15 16:56:43] [INFO] 创建三级文件夹: E:\杂七杂八\trea项目\xiang\dist\成果\防治对象\测量表\360421201201108_黄洞村帐山新屋
[2026-05-15 16:56:43] [INFO] 第17列文件数量: 4
[2026-05-15 16:56:43] [INFO] 第18列: 三级文件夹='360421201201114_黄洞村寺门口'
[2026-05-15 16:56:43] [INFO] 创建三级文件夹: E:\杂七杂八\trea项目\xiang\dist\成果\防治对象\测量表\360421201201114_黄洞村寺门口
[2026-05-15 16:56:43] [INFO] 第18列文件数量: 4
[2026-05-15 16:56:43] [INFO] 第19列: 三级文件夹='360421201203100_涌泉村文家坝'
[2026-05-15 16:56:43] [INFO] 创建三级文件夹: E:\杂七杂八\trea项目\xiang\dist\成果\防治对象\测量表\360421201203100_涌泉村文家坝
[2026-05-15 16:56:43] [INFO] 第19列文件数量: 4
[2026-05-15 16:56:43] [INFO] 第20列: 三级文件夹='360421201203103_涌泉村大坪黄家'
[2026-05-15 16:56:43] [INFO] 创建三级文件夹: E:\杂七杂八\trea项目\xiang\dist\成果\防治对象\测量表\360421201203103_涌泉村大坪黄家
[2026-05-15 16:56:43] [INFO] 第20列文件数量: 4
[2026-05-15 16:56:43] [INFO] 第21列: 三级文件夹='360421201203102_涌泉村涌泉洞'
[2026-05-15 16:56:43] [INFO] 创建三级文件夹: E:\杂七杂八\trea项目\xiang\dist\成果\防治对象\测量表\360421201203102_涌泉村涌泉洞
[2026-05-15 16:56:43] [INFO] 第21列文件数量: 4
[2026-05-15 16:56:43] [INFO] 正在处理Sheet5
[2026-05-15 16:56:43] [INFO] A1(一级文件夹): '跨沟道路和桥涵'
[2026-05-15 16:56:43] [INFO] A2(二级文件夹): '测量表'
[2026-05-15 16:56:43] [INFO] 创建一级文件夹: E:\杂七杂八\trea项目\xiang\dist\成果\跨沟道路和桥涵
[2026-05-15 16:56:43] [INFO] 创建二级文件夹: E:\杂七杂八\trea项目\xiang\dist\成果\跨沟道路和桥涵\测量表
[2026-05-15 16:56:43] [INFO] 总列数: 20
[2026-05-15 16:56:43] [INFO] 第1列: 三级文件夹='360481AFAE90012E000000ZA0001_桂林二桥'
[2026-05-15 16:56:43] [INFO] 创建三级文件夹: E:\杂七杂八\trea项目\xiang\dist\成果\跨沟道路和桥涵\测量表\360481AFAE90012E000000ZA0001_桂林二桥
[2026-05-15 16:56:43] [INFO] 第1列文件数量: 10
[2026-05-15 16:56:43] [INFO] 复制文件: E:\杂七杂八\trea项目\xiang\dist\成果\沟道横断面成果表_AFAE90012E000000ZBCS001.xlsx -> E:\杂七杂八\trea项目\xiang\dist\成果\跨沟道路和桥涵\测量表\360481AFAE90012E000000ZA0001_桂林二桥\沟道横断面成果表_AFAE90012E000000ZBCS001.xlsx
[2026-05-15 16:56:43] [INFO] 复制文件: E:\杂七杂八\trea项目\xiang\dist\成果\沟道横断面成果表_AFAE90012E000000ZBCS002.xlsx -> E:\杂七杂八\trea项目\xiang\dist\成果\跨沟道路和桥涵\测量表\360481AFAE90012E000000ZA0001_桂林二桥\沟道横断面成果表_AFAE90012E000000ZBCS002.xlsx
[2026-05-15 16:56:43] [INFO] 第2列: 三级文件夹='360481AFAE90012E000000ZA0002_桂林大桥'
[2026-05-15 16:56:43] [INFO] 创建三级文件夹: E:\杂七杂八\trea项目\xiang\dist\成果\跨沟道路和桥涵\测量表\360481AFAE90012E000000ZA0002_桂林大桥
[2026-05-15 16:56:43] [INFO] 第2列文件数量: 10
[2026-05-15 16:56:43] [INFO] 复制文件: E:\杂七杂八\trea项目\xiang\dist\成果\沟道横断面成果表_AFAE90012E000000ZBCS004.xlsx -> E:\杂七杂八\trea项目\xiang\dist\成果\跨沟道路和桥涵\测量表\360481AFAE90012E000000ZA0002_桂林大桥\沟道横断面成果表_AFAE90012E000000ZBCS004.xlsx
[2026-05-15 16:56:43] [INFO] 复制文件: E:\杂七杂八\trea项目\xiang\dist\成果\沟道横断面成果表_AFAE90012E000000ZBCS005.xlsx -> E:\杂七杂八\trea项目\xiang\dist\成果\跨沟道路和桥涵\测量表\360481AFAE90012E000000ZA0002_桂林大桥\沟道横断面成果表_AFAE90012E000000ZBCS005.xlsx
[2026-05-15 16:56:43] [INFO] 第3列: 三级文件夹='360722AFAE900121F00000ZA0001_立新二桥'
[2026-05-15 16:56:43] [INFO] 创建三级文件夹: E:\杂七杂八\trea项目\xiang\dist\成果\跨沟道路和桥涵\测量表\360722AFAE900121F00000ZA0001_立新二桥
[2026-05-15 16:56:43] [INFO] 第3列文件数量: 7
[2026-05-15 16:56:43] [INFO] 第4列: 三级文件夹='360481AFAE90012C000000ZA0001_双丰桥'
[2026-05-15 16:56:43] [INFO] 创建三级文件夹: E:\杂七杂八\trea项目\xiang\dist\成果\跨沟道路和桥涵\测量表\360481AFAE90012C000000ZA0001_双丰桥
[2026-05-15 16:56:43] [INFO] 第4列文件数量: 11
[2026-05-15 16:56:43] [INFO] 复制文件: E:\杂七杂八\trea项目\xiang\dist\成果\沟道横断面成果表_AFAE90012B000000ZBCS002.xlsx -> E:\杂七杂八\trea项目\xiang\dist\成果\跨沟道路和桥涵\测量表\360481AFAE90012C000000ZA0001_双丰桥\沟道横断面成果表_AFAE90012B000000ZBCS002.xlsx
[2026-05-15 16:56:43] [INFO] 复制文件: E:\杂七杂八\trea项目\xiang\dist\成果\沟道横断面成果表_AFAE90012B000000ZBCS005.xlsx -> E:\杂七杂八\trea项目\xiang\dist\成果\跨沟道路和桥涵\测量表\360481AFAE90012C000000ZA0001_双丰桥\沟道横断面成果表_AFAE90012B000000ZBCS005.xlsx
[2026-05-15 16:56:43] [INFO] 第5列: 三级文件夹='360481AFAE900121E00000ZA0001_堰边朱桥'
[2026-05-15 16:56:43] [INFO] 创建三级文件夹: E:\杂七杂八\trea项目\xiang\dist\成果\跨沟道路和桥涵\测量表\360481AFAE900121E00000ZA0001_堰边朱桥
[2026-05-15 16:56:43] [INFO] 第5列文件数量: 6
[2026-05-15 16:56:43] [INFO] 复制文件: E:\杂七杂八\trea项目\xiang\dist\成果\沟道横断面成果表_AFAE900121E00000ZBCS005.xlsx -> E:\杂七杂八\trea项目\xiang\dist\成果\跨沟道路和桥涵\测量表\360481AFAE900121E00000ZA0001_堰边朱桥\沟道横断面成果表_AFAE900121E00000ZBCS005.xlsx
[2026-05-15 16:56:43] [INFO] 第6列: 三级文件夹='360481AFAE90012C000000ZA0002_王家冲新桥'
[2026-05-15 16:56:43] [INFO] 创建三级文件夹: E:\杂七杂八\trea项目\xiang\dist\成果\跨沟道路和桥涵\测量表\360481AFAE90012C000000ZA0002_王家冲新桥
[2026-05-15 16:56:43] [INFO] 第6列文件数量: 8
[2026-05-15 16:56:43] [INFO] 复制文件: E:\杂七杂八\trea项目\xiang\dist\成果\沟道横断面成果表_AFAE90012B000000ZBCS002.xlsx -> E:\杂七杂八\trea项目\xiang\dist\成果\跨沟道路和桥涵\测量表\360481AFAE90012C000000ZA0002_王家冲新桥\沟道横断面成果表_AFAE90012B000000ZBCS002.xlsx
[2026-05-15 16:56:43] [INFO] 复制文件: E:\杂七杂八\trea项目\xiang\dist\成果\沟道横断面成果表_AFAE90012B000000ZBCS005.xlsx -> E:\杂七杂八\trea项目\xiang\dist\成果\跨沟道路和桥涵\测量表\360481AFAE90012C000000ZA0002_王家冲新桥\沟道横断面成果表_AFAE90012B000000ZBCS005.xlsx
[2026-05-15 16:56:43] [INFO] 已存在: 沟道横断面成果表_AFAE90012B000000ZBCS002.xlsx 在 E:\杂七杂八\trea项目\xiang\dist\成果\跨沟道路和桥涵\测量表\360481AFAE90012C000000ZA0002_王家冲新桥
[2026-05-15 16:56:43] [INFO] 已存在: 沟道横断面成果表_AFAE90012B000000ZBCS005.xlsx 在 E:\杂七杂八\trea项目\xiang\dist\成果\跨沟道路和桥涵\测量表\360481AFAE90012C000000ZA0002_王家冲新桥
[2026-05-15 16:56:43] [INFO] 第7列: 三级文件夹='360481AFAE900121D00000ZA0001_高丰中桥'
[2026-05-15 16:56:43] [INFO] 创建三级文件夹: E:\杂七杂八\trea项目\xiang\dist\成果\跨沟道路和桥涵\测量表\360481AFAE900121D00000ZA0001_高丰中桥
[2026-05-15 16:56:43] [INFO] 第7列文件数量: 11
[2026-05-15 16:56:43] [INFO] 第8列: 三级文件夹='360481AFAE900121D00000ZA0002_老屋陈村桥02'
[2026-05-15 16:56:43] [INFO] 创建三级文件夹: E:\杂七杂八\trea项目\xiang\dist\成果\跨沟道路和桥涵\测量表\360481AFAE900121D00000ZA0002_老屋陈村桥02
[2026-05-15 16:56:43] [INFO] 第8列文件数量: 9
[2026-05-15 16:56:43] [INFO] 第9列: 三级文件夹='360481AFAE900121D00000ZA0003_老屋陈村桥'
[2026-05-15 16:56:43] [INFO] 创建三级文件夹: E:\杂七杂八\trea项目\xiang\dist\成果\跨沟道路和桥涵\测量表\360481AFAE900121D00000ZA0003_老屋陈村桥
[2026-05-15 16:56:43] [INFO] 第9列文件数量: 6
[2026-05-15 16:56:43] [INFO] 第10列: 三级文件夹='360481AFAE90012A000000ZA0001_邓家坝桥'
[2026-05-15 16:56:43] [INFO] 创建三级文件夹: E:\杂七杂八\trea项目\xiang\dist\成果\跨沟道路和桥涵\测量表\360481AFAE90012A000000ZA0001_邓家坝桥
[2026-05-15 16:56:43] [INFO] 第10列文件数量: 9
[2026-05-15 16:56:43] [INFO] 复制文件: E:\杂七杂八\trea项目\xiang\dist\成果\沟道横断面成果表_AFAE90012A000000ZBCS004.xlsx -> E:\杂七杂八\trea项目\xiang\dist\成果\跨沟道路和桥涵\测量表\360481AFAE90012A000000ZA0001_邓家坝桥\沟道横断面成果表_AFAE90012A000000ZBCS004.xlsx
[2026-05-15 16:56:43] [INFO] 第11列: 三级文件夹='360481AFAE90012A000000ZA0003_铺头村桥'
[2026-05-15 16:56:43] [INFO] 创建三级文件夹: E:\杂七杂八\trea项目\xiang\dist\成果\跨沟道路和桥涵\测量表\360481AFAE90012A000000ZA0003_铺头村桥
[2026-05-15 16:56:43] [INFO] 第11列文件数量: 8
[2026-05-15 16:56:43] [INFO] 第12列: 三级文件夹='360481AFAE90012A000000ZA0004_铺头老桥'
[2026-05-15 16:56:43] [INFO] 创建三级文件夹: E:\杂七杂八\trea项目\xiang\dist\成果\跨沟道路和桥涵\测量表\360481AFAE90012A000000ZA0004_铺头老桥
[2026-05-15 16:56:43] [INFO] 第12列文件数量: 9
[2026-05-15 16:56:43] [INFO] 第13列: 三级文件夹='360481AFAE900121B00000ZA0001_瓜坑大桥'
[2026-05-15 16:56:43] [INFO] 创建三级文件夹: E:\杂七杂八\trea项目\xiang\dist\成果\跨沟道路和桥涵\测量表\360481AFAE900121B00000ZA0001_瓜坑大桥
[2026-05-15 16:56:43] [INFO] 第13列文件数量: 5
[2026-05-15 16:56:43] [INFO] 第14列: 三级文件夹='360481AFAE900128H00000ZA0001_登业大桥'
[2026-05-15 16:56:43] [INFO] 创建三级文件夹: E:\杂七杂八\trea项目\xiang\dist\成果\跨沟道路和桥涵\测量表\360481AFAE900128H00000ZA0001_登业大桥
[2026-05-15 16:56:43] [INFO] 第14列文件数量: 11
[2026-05-15 16:56:43] [INFO] 第15列: 三级文件夹='360481AFAE900128H00000ZA0002_三联村桥'
[2026-05-15 16:56:43] [INFO] 创建三级文件夹: E:\杂七杂八\trea项目\xiang\dist\成果\跨沟道路和桥涵\测量表\360481AFAE900128H00000ZA0002_三联村桥
[2026-05-15 16:56:43] [INFO] 第15列文件数量: 6
[2026-05-15 16:56:43] [INFO] 第16列: 三级文件夹='360421AFAE900122HF0000ZA0001_底下何家村桥'
[2026-05-15 16:56:43] [INFO] 创建三级文件夹: E:\杂七杂八\trea项目\xiang\dist\成果\跨沟道路和桥涵\测量表\360421AFAE900122HF0000ZA0001_底下何家村桥
[2026-05-15 16:56:43] [INFO] 第16列文件数量: 4
[2026-05-15 16:56:43] [INFO] 第17列: 三级文件夹='360421AFAE900122HF0000ZA0002_吴家桥'
[2026-05-15 16:56:43] [INFO] 创建三级文件夹: E:\杂七杂八\trea项目\xiang\dist\成果\跨沟道路和桥涵\测量表\360421AFAE900122HF0000ZA0002_吴家桥
[2026-05-15 16:56:43] [INFO] 第17列文件数量: 6
[2026-05-15 16:56:43] [INFO] 第18列: 三级文件夹='360421AFAE900122HF0000ZA0003_胡家桥'
[2026-05-15 16:56:43] [INFO] 创建三级文件夹: E:\杂七杂八\trea项目\xiang\dist\成果\跨沟道路和桥涵\测量表\360421AFAE900122HF0000ZA0003_胡家桥
[2026-05-15 16:56:43] [INFO] 第18列文件数量: 5
[2026-05-15 16:56:43] [INFO] 第19列: 三级文件夹='360421AFAE900122HF0000ZA0004_文家坝桥'
[2026-05-15 16:56:43] [INFO] 创建三级文件夹: E:\杂七杂八\trea项目\xiang\dist\成果\跨沟道路和桥涵\测量表\360421AFAE900122HF0000ZA0004_文家坝桥
[2026-05-15 16:56:43] [INFO] 第19列文件数量: 5
[2026-05-15 16:56:43] [INFO] 第20列: 三级文件夹='360421AFAE900122HF0000ZA0005_涌泉村桥'
[2026-05-15 16:56:43] [INFO] 创建三级文件夹: E:\杂七杂八\trea项目\xiang\dist\成果\跨沟道路和桥涵\测量表\360421AFAE900122HF0000ZA0005_涌泉村桥
[2026-05-15 16:56:43] [INFO] 第20列文件数量: 4
[2026-05-15 16:56:43] [INFO] ===== 整理完成 =====
[2026-05-15 16:56:43] [INFO] ===== 开始合并 E:\杂七杂八\trea项目\xiang\dist\成果 =====
[2026-05-15 16:57:47] [INFO] 已创建: 360481002211103.xlsx
[2026-05-15 16:58:53] [INFO] 已创建: 360481002211113.xlsx
[2026-05-15 17:00:16] [INFO] 找到对应表: E:\杂七杂八\trea项目\xiang\dist\模板\对应表.XLSX
[2026-05-15 17:00:16] [INFO] ===== 开始整理 E:\杂七杂八\trea项目\xiang\dist\成果 =====
[2026-05-15 17:00:16] [INFO] 工作表数量: 6
[2026-05-15 17:00:16] [INFO] 正在处理Sheet4
[2026-05-15 17:00:16] [INFO] 总列数: 21
[2026-05-15 17:00:16] [INFO] 第1列: 一级='防治对象', 二级='测量表', 三级='360481002211103_桂林村桂林桥01'
[2026-05-15 17:00:16] [INFO] 第1列文件数量: 5
[2026-05-15 17:00:16] [INFO] 已存在: 沟道横断面成果表_AFAE900121F00000ZACS001.xlsx 在 E:\杂七杂八\trea项目\xiang\dist\成果\防治对象\测量表\360481002211103_桂林村桂林桥01
[2026-05-15 17:00:16] [INFO] 已存在: 沟道横断面成果表_AFAE90012E000000ZACS001.xlsx 在 E:\杂七杂八\trea项目\xiang\dist\成果\防治对象\测量表\360481002211103_桂林村桂林桥01
[2026-05-15 17:00:16] [INFO] 已存在: 沟道横断面成果表_AFAE90012E000000ZACS002.xlsx 在 E:\杂七杂八\trea项目\xiang\dist\成果\防治对象\测量表\360481002211103_桂林村桂林桥01
[2026-05-15 17:00:16] [INFO] 已存在: 沟道纵断面成果表_AFAE900121F00000ZACS003.xlsx 在 E:\杂七杂八\trea项目\xiang\dist\成果\防治对象\测量表\360481002211103_桂林村桂林桥01
[2026-05-15 17:00:16] [INFO] 已存在: 沟道纵断面成果表_AFAE90012D000000ZACS002.xlsx 在 E:\杂七杂八\trea项目\xiang\dist\成果\防治对象\测量表\360481002211103_桂林村桂林桥01
[2026-05-15 17:00:16] [INFO] 已存在: 沟道横断面成果表_AFAE90012E000000ZACS001.xlsx 在 E:\杂七杂八\trea项目\xiang\dist\成果\防治对象\测量表\360481002211103_桂林村桂林桥01
[2026-05-15 17:00:16] [INFO] 已存在: 沟道横断面成果表_AFAE90012E000000ZACS002.xlsx 在 E:\杂七杂八\trea项目\xiang\dist\成果\防治对象\测量表\360481002211103_桂林村桂林桥01
[2026-05-15 17:00:16] [INFO] 已存在: 沟道纵断面成果表_AFAE90012D000000ZACS002.xlsx 在 E:\杂七杂八\trea项目\xiang\dist\成果\防治对象\测量表\360481002211103_桂林村桂林桥01
[2026-05-15 17:00:16] [INFO] 已存在: 沟道横断面成果表_AFAE900121F00000ZACS001.xlsx 在 E:\杂七杂八\trea项目\xiang\dist\成果\防治对象\测量表\360481002211103_桂林村桂林桥01
[2026-05-15 17:00:16] [INFO] 已存在: 沟道纵断面成果表_AFAE900121F00000ZACS003.xlsx 在 E:\杂七杂八\trea项目\xiang\dist\成果\防治对象\测量表\360481002211103_桂林村桂林桥01
[2026-05-15 17:00:16] [INFO] 已存在: 沟道纵断面成果表_AFAE90012D000000ZACS002.xlsx 在 E:\杂七杂八\trea项目\xiang\dist\成果\防治对象\测量表\360481002211103_桂林村桂林桥01
[2026-05-15 17:00:16] [INFO] 第2列: 一级='', 二级='断面成图', 三级='360481002211113_桂林村桂林桥02'
[2026-05-15 17:00:16] [INFO] 警告: 第2列文件夹信息不完整，跳过
[2026-05-15 17:00:16] [INFO] 第3列: 一级='', 二级='', 三级='360481002211123_桂林村桂林桥03'
[2026-05-15 17:00:16] [INFO] 警告: 第3列文件夹信息不完整，跳过
[2026-05-15 17:00:16] [INFO] 第4列: 一级='', 二级='', 三级='360481106207101_永兴村堰边朱'
[2026-05-15 17:00:16] [INFO] 警告: 第4列文件夹信息不完整，跳过
[2026-05-15 17:00:16] [INFO] 第5列: 一级='', 二级='', 三级='360481106207100_永兴村楼下朱'
[2026-05-15 17:00:16] [INFO] 警告: 第5列文件夹信息不完整，跳过
[2026-05-15 17:00:16] [INFO] 第6列: 一级='', 二级='', 三级='360481106202127_乐丰村范湾'
[2026-05-15 17:00:16] [INFO] 警告: 第6列文件夹信息不完整，跳过
[2026-05-15 17:00:16] [INFO] 第7列: 一级='', 二级='', 三级='360481106200106_永丰村老屋陈家'
[2026-05-15 17:00:16] [INFO] 警告: 第7列文件夹信息不完整，跳过
[2026-05-15 17:00:16] [INFO] 第8列: 一级='', 二级='', 三级='360481106200105_永丰村黄家'
[2026-05-15 17:00:16] [INFO] 警告: 第8列文件夹信息不完整，跳过
[2026-05-15 17:00:16] [INFO] 第9列: 一级='', 二级='', 三级='360481106205101_铺头村龚湾外屋'
[2026-05-15 17:00:16] [INFO] 警告: 第9列文件夹信息不完整，跳过
[2026-05-15 17:00:16] [INFO] 第10列: 一级='', 二级='', 三级='360481106205112_铺头村邓家坝'
[2026-05-15 17:00:16] [INFO] 警告: 第10列文件夹信息不完整，跳过
[2026-05-15 17:00:16] [INFO] 第11列: 一级='', 二级='', 三级='360481106205110_铺头村大屋李'
[2026-05-15 17:00:16] [INFO] 警告: 第11列文件夹信息不完整，跳过
[2026-05-15 17:00:16] [INFO] 第12列: 一级='', 二级='', 三级='360481106205107_铺头何家'
[2026-05-15 17:00:16] [INFO] 警告: 第12列文件夹信息不完整，跳过
[2026-05-15 17:00:16] [INFO] 第13列: 一级='', 二级='', 三级='360481203200103_张家铺村瓜坑'
[2026-05-15 17:00:16] [INFO] 警告: 第13列文件夹信息不完整，跳过
[2026-05-15 17:00:16] [INFO] 第14列: 一级='', 二级='', 三级='360481203200100_张家铺村桐林坂'
[2026-05-15 17:00:16] [INFO] 警告: 第14列文件夹信息不完整，跳过
[2026-05-15 17:00:16] [INFO] 第15列: 一级='', 二级='', 三级='360481002210102_光明村坎下詹家'
[2026-05-15 17:00:16] [INFO] 警告: 第15列文件夹信息不完整，跳过
[2026-05-15 17:00:16] [INFO] 第16列: 一级='', 二级='', 三级='360481002209110_常丰村下汪村'
[2026-05-15 17:00:16] [INFO] 警告: 第16列文件夹信息不完整，跳过
[2026-05-15 17:00:16] [INFO] 第17列: 一级='', 二级='', 三级='360421201201108_黄洞村帐山新屋'
[2026-05-15 17:00:16] [INFO] 警告: 第17列文件夹信息不完整，跳过
[2026-05-15 17:00:16] [INFO] 第18列: 一级='', 二级='', 三级='360421201201114_黄洞村寺门口'
[2026-05-15 17:00:16] [INFO] 警告: 第18列文件夹信息不完整，跳过
[2026-05-15 17:00:16] [INFO] 第19列: 一级='', 二级='', 三级='360421201203100_涌泉村文家坝'
[2026-05-15 17:00:16] [INFO] 警告: 第19列文件夹信息不完整，跳过
[2026-05-15 17:00:16] [INFO] 第20列: 一级='', 二级='', 三级='360421201203103_涌泉村大坪黄家'
[2026-05-15 17:00:16] [INFO] 警告: 第20列文件夹信息不完整，跳过
[2026-05-15 17:00:16] [INFO] 第21列: 一级='', 二级='', 三级='360421201203102_涌泉村涌泉洞'
[2026-05-15 17:00:16] [INFO] 警告: 第21列文件夹信息不完整，跳过
[2026-05-15 17:00:16] [INFO] 正在处理Sheet5
[2026-05-15 17:00:16] [INFO] 总列数: 20
[2026-05-15 17:00:16] [INFO] 第1列: 一级='跨沟道路和桥涵', 二级='测量表', 三级='360481AFAE90012E000000ZA0001_桂林二桥'
[2026-05-15 17:00:16] [INFO] 第1列文件数量: 10
[2026-05-15 17:00:16] [INFO] 已存在: 沟道横断面成果表_AFAE90012E000000ZBCS001.xlsx 在 E:\杂七杂八\trea项目\xiang\dist\成果\跨沟道路和桥涵\测量表\360481AFAE90012E000000ZA0001_桂林二桥
[2026-05-15 17:00:16] [INFO] 已存在: 沟道横断面成果表_AFAE90012E000000ZBCS002.xlsx 在 E:\杂七杂八\trea项目\xiang\dist\成果\跨沟道路和桥涵\测量表\360481AFAE90012E000000ZA0001_桂林二桥
[2026-05-15 17:00:16] [INFO] 第2列: 一级='', 二级='断面成图', 三级='360481AFAE90012E000000ZA0002_桂林大桥'
[2026-05-15 17:00:16] [INFO] 警告: 第2列文件夹信息不完整，跳过
[2026-05-15 17:00:16] [INFO] 第3列: 一级='', 二级='', 三级='360722AFAE900121F00000ZA0001_立新二桥'
[2026-05-15 17:00:16] [INFO] 警告: 第3列文件夹信息不完整，跳过
[2026-05-15 17:00:16] [INFO] 第4列: 一级='', 二级='', 三级='360481AFAE90012C000000ZA0001_双丰桥'
[2026-05-15 17:00:16] [INFO] 警告: 第4列文件夹信息不完整，跳过
[2026-05-15 17:00:16] [INFO] 第5列: 一级='', 二级='', 三级='360481AFAE900121E00000ZA0001_堰边朱桥'
[2026-05-15 17:00:16] [INFO] 警告: 第5列文件夹信息不完整，跳过
[2026-05-15 17:00:16] [INFO] 第6列: 一级='', 二级='', 三级='360481AFAE90012C000000ZA0002_王家冲新桥'
[2026-05-15 17:00:16] [INFO] 警告: 第6列文件夹信息不完整，跳过
[2026-05-15 17:00:16] [INFO] 第7列: 一级='', 二级='', 三级='360481AFAE900121D00000ZA0001_高丰中桥'
[2026-05-15 17:00:16] [INFO] 警告: 第7列文件夹信息不完整，跳过
[2026-05-15 17:00:16] [INFO] 第8列: 一级='', 二级='', 三级='360481AFAE900121D00000ZA0002_老屋陈村桥02'
[2026-05-15 17:00:16] [INFO] 警告: 第8列文件夹信息不完整，跳过
[2026-05-15 17:00:16] [INFO] 第9列: 一级='', 二级='', 三级='360481AFAE900121D00000ZA0003_老屋陈村桥'
[2026-05-15 17:00:16] [INFO] 警告: 第9列文件夹信息不完整，跳过
[2026-05-15 17:00:16] [INFO] 第10列: 一级='', 二级='', 三级='360481AFAE90012A000000ZA0001_邓家坝桥'
[2026-05-15 17:00:16] [INFO] 警告: 第10列文件夹信息不完整，跳过
[2026-05-15 17:00:16] [INFO] 第11列: 一级='', 二级='', 三级='360481AFAE90012A000000ZA0003_铺头村桥'
[2026-05-15 17:00:16] [INFO] 警告: 第11列文件夹信息不完整，跳过
[2026-05-15 17:00:16] [INFO] 第12列: 一级='', 二级='', 三级='360481AFAE90012A000000ZA0004_铺头老桥'
[2026-05-15 17:00:16] [INFO] 警告: 第12列文件夹信息不完整，跳过
[2026-05-15 17:00:16] [INFO] 第13列: 一级='', 二级='', 三级='360481AFAE900121B00000ZA0001_瓜坑大桥'
[2026-05-15 17:00:16] [INFO] 警告: 第13列文件夹信息不完整，跳过
[2026-05-15 17:00:16] [INFO] 第14列: 一级='', 二级='', 三级='360481AFAE900128H00000ZA0001_登业大桥'
[2026-05-15 17:00:16] [INFO] 警告: 第14列文件夹信息不完整，跳过
[2026-05-15 17:00:16] [INFO] 第15列: 一级='', 二级='', 三级='360481AFAE900128H00000ZA0002_三联村桥'
[2026-05-15 17:00:16] [INFO] 警告: 第15列文件夹信息不完整，跳过
[2026-05-15 17:00:16] [INFO] 第16列: 一级='', 二级='', 三级='360421AFAE900122HF0000ZA0001_底下何家村桥'
[2026-05-15 17:00:16] [INFO] 警告: 第16列文件夹信息不完整，跳过
[2026-05-15 17:00:16] [INFO] 第17列: 一级='', 二级='', 三级='360421AFAE900122HF0000ZA0002_吴家桥'
[2026-05-15 17:00:16] [INFO] 警告: 第17列文件夹信息不完整，跳过
[2026-05-15 17:00:16] [INFO] 第18列: 一级='', 二级='', 三级='360421AFAE900122HF0000ZA0003_胡家桥'
[2026-05-15 17:00:16] [INFO] 警告: 第18列文件夹信息不完整，跳过
[2026-05-15 17:00:16] [INFO] 第19列: 一级='', 二级='', 三级='360421AFAE900122HF0000ZA0004_文家坝桥'
[2026-05-15 17:00:16] [INFO] 警告: 第19列文件夹信息不完整，跳过
[2026-05-15 17:00:16] [INFO] 第20列: 一级='', 二级='', 三级='360421AFAE900122HF0000ZA0005_涌泉村桥'
[2026-05-15 17:00:16] [INFO] 警告: 第20列文件夹信息不完整，跳过
[2026-05-15 17:00:16] [INFO] ===== 整理完成 =====
[2026-05-15 17:00:16] [INFO] ===== 开始合并 E:\杂七杂八\trea项目\xiang\dist\成果 =====
[2026-05-15 17:01:35] [INFO] 已创建: 360481002211103.xlsx
[2026-05-15 17:02:46] [INFO] 已创建: 360481002211113.xlsx
[2026-05-15 17:04:00] [INFO] 已创建: 360481002211123.xlsx
[2026-05-15 17:14:33] [INFO] 找到对应表: E:\杂七杂八\trea项目\xiang\dist\模板\对应表.XLSX
[2026-05-15 17:14:33] [INFO] ===== 开始整理 E:\杂七杂八\trea项目\xiang\dist\成果 =====
[2026-05-15 17:14:33] [INFO] 工作表数量: 6
[2026-05-15 17:14:33] [INFO] 正在处理Sheet4
[2026-05-15 17:14:33] [INFO] 一级文件夹: '防治对象'
[2026-05-15 17:14:33] [INFO] 创建二级文件夹: E:\杂七杂八\trea项目\xiang\dist\成果\防治对象\断面成图
[2026-05-15 17:14:33] [INFO] 总列数: 21
[2026-05-15 17:14:33] [INFO] 第1列: 二级='测量表', 三级='360481002211103_桂林村桂林桥01'
[2026-05-15 17:14:33] [INFO] 第1列文件数量: 5
[2026-05-15 17:14:33] [INFO] 已存在: 沟道横断面成果表_AFAE900121F00000ZACS001.xlsx 在 E:\杂七杂八\trea项目\xiang\dist\成果\防治对象\测量表\360481002211103_桂林村桂林桥01
[2026-05-15 17:14:33] [INFO] 已存在: 沟道横断面成果表_AFAE90012E000000ZACS001.xlsx 在 E:\杂七杂八\trea项目\xiang\dist\成果\防治对象\测量表\360481002211103_桂林村桂林桥01
[2026-05-15 17:14:33] [INFO] 已存在: 沟道横断面成果表_AFAE90012E000000ZACS002.xlsx 在 E:\杂七杂八\trea项目\xiang\dist\成果\防治对象\测量表\360481002211103_桂林村桂林桥01
[2026-05-15 17:14:33] [INFO] 已存在: 沟道纵断面成果表_AFAE900121F00000ZACS003.xlsx 在 E:\杂七杂八\trea项目\xiang\dist\成果\防治对象\测量表\360481002211103_桂林村桂林桥01
[2026-05-15 17:14:33] [INFO] 已存在: 沟道纵断面成果表_AFAE90012D000000ZACS002.xlsx 在 E:\杂七杂八\trea项目\xiang\dist\成果\防治对象\测量表\360481002211103_桂林村桂林桥01
[2026-05-15 17:14:33] [INFO] 已存在: 沟道横断面成果表_AFAE90012E000000ZACS001.xlsx 在 E:\杂七杂八\trea项目\xiang\dist\成果\防治对象\测量表\360481002211103_桂林村桂林桥01
[2026-05-15 17:14:33] [INFO] 已存在: 沟道横断面成果表_AFAE90012E000000ZACS002.xlsx 在 E:\杂七杂八\trea项目\xiang\dist\成果\防治对象\测量表\360481002211103_桂林村桂林桥01
[2026-05-15 17:14:33] [INFO] 已存在: 沟道纵断面成果表_AFAE90012D000000ZACS002.xlsx 在 E:\杂七杂八\trea项目\xiang\dist\成果\防治对象\测量表\360481002211103_桂林村桂林桥01
[2026-05-15 17:14:33] [INFO] 已存在: 沟道横断面成果表_AFAE900121F00000ZACS001.xlsx 在 E:\杂七杂八\trea项目\xiang\dist\成果\防治对象\测量表\360481002211103_桂林村桂林桥01
[2026-05-15 17:14:33] [INFO] 已存在: 沟道纵断面成果表_AFAE900121F00000ZACS003.xlsx 在 E:\杂七杂八\trea项目\xiang\dist\成果\防治对象\测量表\360481002211103_桂林村桂林桥01
[2026-05-15 17:14:33] [INFO] 已存在: 沟道纵断面成果表_AFAE90012D000000ZACS002.xlsx 在 E:\杂七杂八\trea项目\xiang\dist\成果\防治对象\测量表\360481002211103_桂林村桂林桥01
[2026-05-15 17:14:33] [INFO] 第2列: 二级='断面成图', 三级='360481002211113_桂林村桂林桥02'
[2026-05-15 17:14:33] [INFO] 创建三级文件夹: E:\杂七杂八\trea项目\xiang\dist\成果\防治对象\断面成图\360481002211113_桂林村桂林桥02
[2026-05-15 17:14:33] [INFO] 第2列文件数量: 4
[2026-05-15 17:14:33] [INFO] 复制文件: E:\杂七杂八\trea项目\xiang\dist\成果\沟道横断面成果表_AFAE90012D000000ZACS001.xlsx -> E:\杂七杂八\trea项目\xiang\dist\成果\防治对象\断面成图\360481002211113_桂林村桂林桥02\沟道横断面成果表_AFAE90012D000000ZACS001.xlsx
[2026-05-15 17:14:33] [INFO] 复制文件: E:\杂七杂八\trea项目\xiang\dist\成果\沟道横断面成果表_AFAE90012E000000ZACS001.xlsx -> E:\杂七杂八\trea项目\xiang\dist\成果\防治对象\断面成图\360481002211113_桂林村桂林桥02\沟道横断面成果表_AFAE90012E000000ZACS001.xlsx
[2026-05-15 17:14:33] [INFO] 复制文件: E:\杂七杂八\trea项目\xiang\dist\成果\沟道横断面成果表_AFAE90012E000000ZACS002.xlsx -> E:\杂七杂八\trea项目\xiang\dist\成果\防治对象\断面成图\360481002211113_桂林村桂林桥02\沟道横断面成果表_AFAE90012E000000ZACS002.xlsx
[2026-05-15 17:14:33] [INFO] 复制文件: E:\杂七杂八\trea项目\xiang\dist\成果\沟道纵断面成果表_AFAE90012D000000ZACS002.xlsx -> E:\杂七杂八\trea项目\xiang\dist\成果\防治对象\断面成图\360481002211113_桂林村桂林桥02\沟道纵断面成果表_AFAE90012D000000ZACS002.xlsx
[2026-05-15 17:14:33] [INFO] 已存在: 沟道横断面成果表_AFAE90012E000000ZACS001.xlsx 在 E:\杂七杂八\trea项目\xiang\dist\成果\防治对象\断面成图\360481002211113_桂林村桂林桥02
[2026-05-15 17:14:33] [INFO] 已存在: 沟道横断面成果表_AFAE90012E000000ZACS002.xlsx 在 E:\杂七杂八\trea项目\xiang\dist\成果\防治对象\断面成图\360481002211113_桂林村桂林桥02
[2026-05-15 17:14:33] [INFO] 已存在: 沟道纵断面成果表_AFAE90012D000000ZACS002.xlsx 在 E:\杂七杂八\trea项目\xiang\dist\成果\防治对象\断面成图\360481002211113_桂林村桂林桥02
[2026-05-15 17:14:33] [INFO] 已存在: 沟道横断面成果表_AFAE90012D000000ZACS001.xlsx 在 E:\杂七杂八\trea项目\xiang\dist\成果\防治对象\断面成图\360481002211113_桂林村桂林桥02
[2026-05-15 17:14:33] [INFO] 已存在: 沟道横断面成果表_AFAE90012E000000ZACS001.xlsx 在 E:\杂七杂八\trea项目\xiang\dist\成果\防治对象\断面成图\360481002211113_桂林村桂林桥02
[2026-05-15 17:14:33] [INFO] 已存在: 沟道横断面成果表_AFAE90012E000000ZACS002.xlsx 在 E:\杂七杂八\trea项目\xiang\dist\成果\防治对象\断面成图\360481002211113_桂林村桂林桥02
[2026-05-15 17:14:33] [INFO] 已存在: 沟道纵断面成果表_AFAE90012D000000ZACS002.xlsx 在 E:\杂七杂八\trea项目\xiang\dist\成果\防治对象\断面成图\360481002211113_桂林村桂林桥02
[2026-05-15 17:14:33] [INFO] 已存在: 沟道纵断面成果表_AFAE90012D000000ZACS002.xlsx 在 E:\杂七杂八\trea项目\xiang\dist\成果\防治对象\断面成图\360481002211113_桂林村桂林桥02
[2026-05-15 17:14:33] [INFO] 第3列: 二级='', 三级='360481002211123_桂林村桂林桥03'
[2026-05-15 17:14:33] [INFO] 警告: 第3列文件夹信息不完整，跳过
[2026-05-15 17:14:33] [INFO] 第4列: 二级='', 三级='360481106207101_永兴村堰边朱'
[2026-05-15 17:14:33] [INFO] 警告: 第4列文件夹信息不完整，跳过
[2026-05-15 17:14:33] [INFO] 第5列: 二级='', 三级='360481106207100_永兴村楼下朱'
[2026-05-15 17:14:33] [INFO] 警告: 第5列文件夹信息不完整，跳过
[2026-05-15 17:14:33] [INFO] 第6列: 二级='', 三级='360481106202127_乐丰村范湾'
[2026-05-15 17:14:33] [INFO] 警告: 第6列文件夹信息不完整，跳过
[2026-05-15 17:14:33] [INFO] 第7列: 二级='', 三级='360481106200106_永丰村老屋陈家'
[2026-05-15 17:14:33] [INFO] 警告: 第7列文件夹信息不完整，跳过
[2026-05-15 17:14:33] [INFO] 第8列: 二级='', 三级='360481106200105_永丰村黄家'
[2026-05-15 17:14:33] [INFO] 警告: 第8列文件夹信息不完整，跳过
[2026-05-15 17:14:33] [INFO] 第9列: 二级='', 三级='360481106205101_铺头村龚湾外屋'
[2026-05-15 17:14:33] [INFO] 警告: 第9列文件夹信息不完整，跳过
[2026-05-15 17:14:33] [INFO] 第10列: 二级='', 三级='360481106205112_铺头村邓家坝'
[2026-05-15 17:14:33] [INFO] 警告: 第10列文件夹信息不完整，跳过
[2026-05-15 17:14:33] [INFO] 第11列: 二级='', 三级='360481106205110_铺头村大屋李'
[2026-05-15 17:14:33] [INFO] 警告: 第11列文件夹信息不完整，跳过
[2026-05-15 17:14:33] [INFO] 第12列: 二级='', 三级='360481106205107_铺头何家'
[2026-05-15 17:14:33] [INFO] 警告: 第12列文件夹信息不完整，跳过
[2026-05-15 17:14:33] [INFO] 第13列: 二级='', 三级='360481203200103_张家铺村瓜坑'
[2026-05-15 17:14:33] [INFO] 警告: 第13列文件夹信息不完整，跳过
[2026-05-15 17:14:33] [INFO] 第14列: 二级='', 三级='360481203200100_张家铺村桐林坂'
[2026-05-15 17:14:33] [INFO] 警告: 第14列文件夹信息不完整，跳过
[2026-05-15 17:14:33] [INFO] 第15列: 二级='', 三级='360481002210102_光明村坎下詹家'
[2026-05-15 17:14:33] [INFO] 警告: 第15列文件夹信息不完整，跳过
[2026-05-15 17:14:33] [INFO] 第16列: 二级='', 三级='360481002209110_常丰村下汪村'
[2026-05-15 17:14:33] [INFO] 警告: 第16列文件夹信息不完整，跳过
[2026-05-15 17:14:33] [INFO] 第17列: 二级='', 三级='360421201201108_黄洞村帐山新屋'
[2026-05-15 17:14:33] [INFO] 警告: 第17列文件夹信息不完整，跳过
[2026-05-15 17:14:33] [INFO] 第18列: 二级='', 三级='360421201201114_黄洞村寺门口'
[2026-05-15 17:14:33] [INFO] 警告: 第18列文件夹信息不完整，跳过
[2026-05-15 17:14:33] [INFO] 第19列: 二级='', 三级='360421201203100_涌泉村文家坝'
[2026-05-15 17:14:33] [INFO] 警告: 第19列文件夹信息不完整，跳过
[2026-05-15 17:14:33] [INFO] 第20列: 二级='', 三级='360421201203103_涌泉村大坪黄家'
[2026-05-15 17:14:33] [INFO] 警告: 第20列文件夹信息不完整，跳过
[2026-05-15 17:14:33] [INFO] 第21列: 二级='', 三级='360421201203102_涌泉村涌泉洞'
[2026-05-15 17:14:33] [INFO] 警告: 第21列文件夹信息不完整，跳过
[2026-05-15 17:14:33] [INFO] 正在处理Sheet5
[2026-05-15 17:14:33] [INFO] 一级文件夹: '跨沟道路和桥涵'
[2026-05-15 17:14:33] [INFO] 创建二级文件夹: E:\杂七杂八\trea项目\xiang\dist\成果\跨沟道路和桥涵\断面成图
[2026-05-15 17:14:33] [INFO] 总列数: 20
[2026-05-15 17:14:33] [INFO] 第1列: 二级='测量表', 三级='360481AFAE90012E000000ZA0001_桂林二桥'
[2026-05-15 17:14:33] [INFO] 第1列文件数量: 10
[2026-05-15 17:14:33] [INFO] 已存在: 沟道横断面成果表_AFAE90012E000000ZBCS001.xlsx 在 E:\杂七杂八\trea项目\xiang\dist\成果\跨沟道路和桥涵\测量表\360481AFAE90012E000000ZA0001_桂林二桥
[2026-05-15 17:14:33] [INFO] 已存在: 沟道横断面成果表_AFAE90012E000000ZBCS002.xlsx 在 E:\杂七杂八\trea项目\xiang\dist\成果\跨沟道路和桥涵\测量表\360481AFAE90012E000000ZA0001_桂林二桥
[2026-05-15 17:14:33] [INFO] 第2列: 二级='断面成图', 三级='360481AFAE90012E000000ZA0002_桂林大桥'
[2026-05-15 17:14:33] [INFO] 创建三级文件夹: E:\杂七杂八\trea项目\xiang\dist\成果\跨沟道路和桥涵\断面成图\360481AFAE90012E000000ZA0002_桂林大桥
[2026-05-15 17:14:33] [INFO] 第2列文件数量: 10
[2026-05-15 17:14:33] [INFO] 复制文件: E:\杂七杂八\trea项目\xiang\dist\成果\沟道横断面成果表_AFAE90012E000000ZBCS004.xlsx -> E:\杂七杂八\trea项目\xiang\dist\成果\跨沟道路和桥涵\断面成图\360481AFAE90012E000000ZA0002_桂林大桥\沟道横断面成果表_AFAE90012E000000ZBCS004.xlsx
[2026-05-15 17:14:33] [INFO] 复制文件: E:\杂七杂八\trea项目\xiang\dist\成果\沟道横断面成果表_AFAE90012E000000ZBCS005.xlsx -> E:\杂七杂八\trea项目\xiang\dist\成果\跨沟道路和桥涵\断面成图\360481AFAE90012E000000ZA0002_桂林大桥\沟道横断面成果表_AFAE90012E000000ZBCS005.xlsx
[2026-05-15 17:14:33] [INFO] 已存在: 沟道横断面成果表_AFAE90012E000000ZBCS004.xlsx 在 E:\杂七杂八\trea项目\xiang\dist\成果\跨沟道路和桥涵\断面成图\360481AFAE90012E000000ZA0002_桂林大桥
[2026-05-15 17:14:33] [INFO] 已存在: 沟道横断面成果表_AFAE90012E000000ZBCS005.xlsx 在 E:\杂七杂八\trea项目\xiang\dist\成果\跨沟道路和桥涵\断面成图\360481AFAE90012E000000ZA0002_桂林大桥
[2026-05-15 17:14:33] [INFO] 第3列: 二级='', 三级='360722AFAE900121F00000ZA0001_立新二桥'
[2026-05-15 17:14:33] [INFO] 警告: 第3列文件夹信息不完整，跳过
[2026-05-15 17:14:33] [INFO] 第4列: 二级='', 三级='360481AFAE90012C000000ZA0001_双丰桥'
[2026-05-15 17:14:33] [INFO] 警告: 第4列文件夹信息不完整，跳过
[2026-05-15 17:14:33] [INFO] 第5列: 二级='', 三级='360481AFAE900121E00000ZA0001_堰边朱桥'
[2026-05-15 17:14:33] [INFO] 警告: 第5列文件夹信息不完整，跳过
[2026-05-15 17:14:33] [INFO] 第6列: 二级='', 三级='360481AFAE90012C000000ZA0002_王家冲新桥'
[2026-05-15 17:14:33] [INFO] 警告: 第6列文件夹信息不完整，跳过
[2026-05-15 17:14:33] [INFO] 第7列: 二级='', 三级='360481AFAE900121D00000ZA0001_高丰中桥'
[2026-05-15 17:14:33] [INFO] 警告: 第7列文件夹信息不完整，跳过
[2026-05-15 17:14:33] [INFO] 第8列: 二级='', 三级='360481AFAE900121D00000ZA0002_老屋陈村桥02'
[2026-05-15 17:14:33] [INFO] 警告: 第8列文件夹信息不完整，跳过
[2026-05-15 17:14:33] [INFO] 第9列: 二级='', 三级='360481AFAE900121D00000ZA0003_老屋陈村桥'
[2026-05-15 17:14:33] [INFO] 警告: 第9列文件夹信息不完整，跳过
[2026-05-15 17:14:33] [INFO] 第10列: 二级='', 三级='360481AFAE90012A000000ZA0001_邓家坝桥'
[2026-05-15 17:14:33] [INFO] 警告: 第10列文件夹信息不完整，跳过
[2026-05-15 17:14:33] [INFO] 第11列: 二级='', 三级='360481AFAE90012A000000ZA0003_铺头村桥'
[2026-05-15 17:14:33] [INFO] 警告: 第11列文件夹信息不完整，跳过
[2026-05-15 17:14:33] [INFO] 第12列: 二级='', 三级='360481AFAE90012A000000ZA0004_铺头老桥'
[2026-05-15 17:14:33] [INFO] 警告: 第12列文件夹信息不完整，跳过
[2026-05-15 17:14:33] [INFO] 第13列: 二级='', 三级='360481AFAE900121B00000ZA0001_瓜坑大桥'
[2026-05-15 17:14:33] [INFO] 警告: 第13列文件夹信息不完整，跳过
[2026-05-15 17:14:33] [INFO] 第14列: 二级='', 三级='360481AFAE900128H00000ZA0001_登业大桥'
[2026-05-15 17:14:33] [INFO] 警告: 第14列文件夹信息不完整，跳过
[2026-05-15 17:14:33] [INFO] 第15列: 二级='', 三级='360481AFAE900128H00000ZA0002_三联村桥'
[2026-05-15 17:14:33] [INFO] 警告: 第15列文件夹信息不完整，跳过
[2026-05-15 17:14:33] [INFO] 第16列: 二级='', 三级='360421AFAE900122HF0000ZA0001_底下何家村桥'
[2026-05-15 17:14:33] [INFO] 警告: 第16列文件夹信息不完整，跳过
[2026-05-15 17:14:33] [INFO] 第17列: 二级='', 三级='360421AFAE900122HF0000ZA0002_吴家桥'
[2026-05-15 17:14:33] [INFO] 警告: 第17列文件夹信息不完整，跳过
[2026-05-15 17:14:33] [INFO] 第18列: 二级='', 三级='360421AFAE900122HF0000ZA0003_胡家桥'
[2026-05-15 17:14:33] [INFO] 警告: 第18列文件夹信息不完整，跳过
[2026-05-15 17:14:33] [INFO] 第19列: 二级='', 三级='360421AFAE900122HF0000ZA0004_文家坝桥'
[2026-05-15 17:14:33] [INFO] 警告: 第19列文件夹信息不完整，跳过
[2026-05-15 17:14:33] [INFO] 第20列: 二级='', 三级='360421AFAE900122HF0000ZA0005_涌泉村桥'
[2026-05-15 17:14:33] [INFO] 警告: 第20列文件夹信息不完整，跳过
[2026-05-15 17:14:33] [INFO] ===== 整理完成 =====
[2026-05-15 17:14:33] [INFO] ===== 开始合并 E:\杂七杂八\trea项目\xiang\dist\成果 =====
[2026-05-15 17:14:33] [INFO] 复制工作表: E:\杂七杂八\trea项目\xiang\dist\成果\AFAE90012E000000ZACS001.xlsx -> 360481002211103.xlsx
[2026-05-15 17:14:34] [INFO] 复制工作表: E:\杂七杂八\trea项目\xiang\dist\成果\AFAE90012E000000ZACS002.xlsx -> 360481002211103.xlsx
[2026-05-15 17:14:34] [INFO] 复制工作表: E:\杂七杂八\trea项目\xiang\dist\成果\AFAE900121F00000ZACS001.xlsx -> 360481002211103.xlsx
[2026-05-15 17:14:35] [INFO] 复制工作表: E:\杂七杂八\trea项目\xiang\dist\成果\AFAE90012D000000ZACS002.xlsx -> 360481002211103.xlsx
[2026-05-15 17:14:35] [INFO] 复制工作表: E:\杂七杂八\trea项目\xiang\dist\成果\AFAE900121F00000ZACS003.xlsx -> 360481002211103.xlsx
[2026-05-15 17:14:35] [INFO] 已创建: 360481002211103.xlsx
[2026-05-15 17:14:36] [INFO] 复制工作表: E:\杂七杂八\trea项目\xiang\dist\成果\AFAE90012E000000ZACS001.xlsx -> 360481002211113.xlsx
[2026-05-15 17:14:36] [INFO] 复制工作表: E:\杂七杂八\trea项目\xiang\dist\成果\AFAE90012E000000ZACS002.xlsx -> 360481002211113.xlsx
[2026-05-15 17:14:37] [INFO] 复制工作表: E:\杂七杂八\trea项目\xiang\dist\成果\AFAE90012D000000ZACS001.xlsx -> 360481002211113.xlsx
[2026-05-15 17:14:37] [INFO] 复制工作表: E:\杂七杂八\trea项目\xiang\dist\成果\AFAE90012D000000ZACS002.xlsx -> 360481002211113.xlsx
[2026-05-15 17:14:37] [INFO] 已创建: 360481002211113.xlsx
[2026-05-15 17:14:37] [INFO] 未找到文件: AFAE90012E000000ZACS003
[2026-05-15 17:14:38] [INFO] 复制工作表: E:\杂七杂八\trea项目\xiang\dist\成果\AFAE900121F00000ZACS001.xlsx -> 360481002211123.xlsx
[2026-05-15 17:14:38] [INFO] 复制工作表: E:\杂七杂八\trea项目\xiang\dist\成果\AFAE900121F00000ZACS002.xlsx -> 360481002211123.xlsx
[2026-05-15 17:14:39] [INFO] 复制工作表: E:\杂七杂八\trea项目\xiang\dist\成果\AFAE900121F00000ZACS003.xlsx -> 360481002211123.xlsx
[2026-05-15 17:14:39] [INFO] 复制工作表: E:\杂七杂八\trea项目\xiang\dist\成果\AFAE90012D000000ZACS002.xlsx -> 360481002211123.xlsx
[2026-05-15 17:14:39] [INFO] 已创建: 360481002211123.xlsx
[2026-05-15 17:14:39] [INFO] 未找到文件: AFAE90012C000000ZACS001
[2026-05-15 17:14:39] [INFO] 未找到文件: AFAE90012C000000ZACS002
[2026-05-15 17:14:39] [INFO] 未找到文件: AFAE90012C000000ZACS003
[2026-05-15 17:14:39] [INFO] 未找到文件: AFAE90012B000000ZACS002
[2026-05-15 17:14:39] [INFO] 未找到文件: AFAE900121E00000ZACS001
[2026-05-15 17:14:39] [INFO] 未找到文件: AFAE900121E00000ZACS002
[2026-05-15 17:14:39] [INFO] 未找到文件: AFAE900121E00000ZACS003
[2026-05-15 17:14:39] [INFO] 未找到文件: AFAE900121E00000ZACS004
[2026-05-15 17:14:39] [INFO] 警告: 360481106207101.xlsx 没有工作表，跳过
[2026-05-15 17:14:39] [INFO] 未找到文件: AFAE90012C000000ZACS004
[2026-05-15 17:14:39] [INFO] 未找到文件: AFAE90012C000000ZACS005
[2026-05-15 17:14:39] [INFO] 未找到文件: AFAE90012C000000ZACS006
[2026-05-15 17:14:40] [INFO] 未找到文件: AFAE90012B000000ZACS002
[2026-05-15 17:14:40] [INFO] 警告: 360481106207100.xlsx 没有工作表，跳过
[2026-05-15 17:14:40] [INFO] 未找到文件: AFAE90012C000000ZACS007
[2026-05-15 17:14:40] [INFO] 未找到文件: AFAE90012C000000ZACS008
[2026-05-15 17:14:40] [INFO] 未找到文件: AFAE90012B000000ZACS001
[2026-05-15 17:14:40] [INFO] 未找到文件: AFAE90012B000000ZACS002
[2026-05-15 17:14:40] [INFO] 警告: 360481106202127.xlsx 没有工作表，跳过
[2026-05-15 17:14:40] [INFO] 未找到文件: AFAE900121D00000ZACS001
[2026-05-15 17:14:40] [INFO] 未找到文件: AFAE900121D00000ZACS002
[2026-05-15 17:14:40] [INFO] 未找到文件: AFAE900121D00000ZACS003
[2026-05-15 17:14:40] [INFO] 未找到文件: AFAE900121D00000ZACS004
[2026-05-15 17:14:40] [INFO] 警告: 360481106200106.xlsx 没有工作表，跳过
[2026-05-15 17:14:40] [INFO] 未找到文件: AFAE900121D00000ZACS001
[2026-05-15 17:14:40] [INFO] 未找到文件: AFAE900121D00000ZACS002
[2026-05-15 17:14:40] [INFO] 未找到文件: AFAE900121D00000ZACS003
[2026-05-15 17:14:40] [INFO] 未找到文件: AFAE900121D00000ZACS004
[2026-05-15 17:14:40] [INFO] 警告: 360481106200105.xlsx 没有工作表，跳过
[2026-05-15 17:14:40] [INFO] 未找到文件: AFAE90012A000000ZACS001
[2026-05-15 17:14:40] [INFO] 未找到文件: AFAE90012A000000ZACS002
[2026-05-15 17:14:40] [INFO] 未找到文件: AFAE90012A000000ZACS003
[2026-05-15 17:14:40] [INFO] 未找到文件: AFAE90012A000000ZACS004
[2026-05-15 17:14:40] [INFO] 警告: 360481106205101.xlsx 没有工作表，跳过
[2026-05-15 17:14:40] [INFO] 未找到文件: AFAE90012A000000ZACS001
[2026-05-15 17:14:40] [INFO] 未找到文件: AFAE90012A000000ZACS002
[2026-05-15 17:14:40] [INFO] 未找到文件: AFAE90012A000000ZACS003
[2026-05-15 17:14:40] [INFO] 未找到文件: AFAE90012A000000ZACS004
[2026-05-15 17:14:40] [INFO] 警告: 360481106205112.xlsx 没有工作表，跳过
[2026-05-15 17:14:40] [INFO] 未找到文件: AFAE90012A000000ZACS005
[2026-05-15 17:14:40] [INFO] 未找到文件: AFAE90012A000000ZACS006
[2026-05-15 17:14:40] [INFO] 未找到文件: AFAE90012A000000ZACS007
[2026-05-15 17:14:40] [INFO] 未找到文件: AFAE90012A000000ZACS008
[2026-05-15 17:14:40] [INFO] 警告: 360481106205110.xlsx 没有工作表，跳过
[2026-05-15 17:14:40] [INFO] 未找到文件: AFAE90012A000000ZACS009
[2026-05-15 17:14:40] [INFO] 未找到文件: AFAE90012A000000ZACS010
[2026-05-15 17:14:40] [INFO] 未找到文件: AFAE90012A000000ZACS011
[2026-05-15 17:14:40] [INFO] 未找到文件: AFAE90012A000000ZACS012
[2026-05-15 17:14:40] [INFO] 警告: 360481106205107.xlsx 没有工作表，跳过
[2026-05-15 17:14:40] [INFO] 未找到文件: AFAE900121B00000ZACS001
[2026-05-15 17:14:40] [INFO] 未找到文件: AFAE900121B00000ZACS002
[2026-05-15 17:14:40] [INFO] 未找到文件: AFAE900121B00000ZACS003
[2026-05-15 17:14:40] [INFO] 未找到文件: AFAE900121B00000ZACS004
[2026-05-15 17:14:40] [INFO] 警告: 360481203200103.xlsx 没有工作表，跳过
[2026-05-15 17:14:40] [INFO] 未找到文件: AFAE900121B00000ZACS001
[2026-05-15 17:14:40] [INFO] 未找到文件: AFAE900121B00000ZACS002
[2026-05-15 17:14:40] [INFO] 未找到文件: AFAE900121B00000ZACS003
[2026-05-15 17:14:40] [INFO] 未找到文件: AFAE900121B00000ZACS004
[2026-05-15 17:14:40] [INFO] 警告: 360481203200100.xlsx 没有工作表，跳过
[2026-05-15 17:14:40] [INFO] 未找到文件: AFAE900128H00000ZACS001
[2026-05-15 17:14:40] [INFO] 未找到文件: AFAE900128H00000ZACS002
[2026-05-15 17:14:40] [INFO] 未找到文件: AFAE900128H00000ZACS003
[2026-05-15 17:14:40] [INFO] 未找到文件: AFAE900128H00000ZACS004
[2026-05-15 17:14:40] [INFO] 警告: 360481002210102.xlsx 没有工作表，跳过
[2026-05-15 17:14:40] [INFO] 未找到文件: AFAE900128H00000ZACS005
[2026-05-15 17:14:40] [INFO] 未找到文件: AFAE900128H00000ZACS006
[2026-05-15 17:14:40] [INFO] 未找到文件: AFAE900128H00000ZACS007
[2026-05-15 17:14:40] [INFO] 未找到文件: AFAE900128H00000ZACS008
[2026-05-15 17:14:40] [INFO] 警告: 360481002209110.xlsx 没有工作表，跳过
[2026-05-15 17:14:40] [INFO] 未找到文件: AFAE900122HF0000ZACS001
[2026-05-15 17:14:40] [INFO] 未找到文件: AFAE900122HF0000ZACS002
[2026-05-15 17:14:40] [INFO] 未找到文件: AFAE900122HF0000ZACS003
[2026-05-15 17:14:40] [INFO] 未找到文件: AFAE900122HF0000ZACS007
[2026-05-15 17:14:40] [INFO] 警告: 360421201201108.xlsx 没有工作表，跳过
[2026-05-15 17:14:40] [INFO] 未找到文件: AFAE900122HF0000ZACS004
[2026-05-15 17:14:40] [INFO] 未找到文件: AFAE900122HF0000ZACS005
[2026-05-15 17:14:40] [INFO] 未找到文件: AFAE900122HF0000ZACS006
[2026-05-15 17:14:40] [INFO] 未找到文件: AFAE900122HF0000ZACS007
[2026-05-15 17:14:40] [INFO] 警告: 360421201201114.xlsx 没有工作表，跳过
[2026-05-15 17:14:40] [INFO] 未找到文件: AFAE900122HF0000ZACS008
[2026-05-15 17:14:40] [INFO] 未找到文件: AFAE900122HF0000ZACS009
[2026-05-15 17:14:40] [INFO] 未找到文件: AFAE900122HF0000ZACS011
[2026-05-15 17:14:40] [INFO] 未找到文件: AFAE900122HF0000ZACS017
[2026-05-15 17:14:40] [INFO] 警告: 360421201203100.xlsx 没有工作表，跳过
[2026-05-15 17:14:40] [INFO] 未找到文件: AFAE900122HF0000ZACS014
[2026-05-15 17:14:40] [INFO] 未找到文件: AFAE900122HF0000ZACS015
[2026-05-15 17:14:40] [INFO] 未找到文件: AFAE900122HF0000ZACS016
[2026-05-15 17:14:40] [INFO] 未找到文件: AFAE900122HF0000ZACS017
[2026-05-15 17:14:40] [INFO] 警告: 360421201203103.xlsx 没有工作表，跳过
[2026-05-15 17:14:40] [INFO] 未找到文件: AFAE900122HF0000ZACS010
[2026-05-15 17:14:40] [INFO] 未找到文件: AFAE900122HF0000ZACS012
[2026-05-15 17:14:40] [INFO] 未找到文件: AFAE900122HF0000ZACS013
[2026-05-15 17:14:40] [INFO] 未找到文件: AFAE900122HF0000ZACS017
[2026-05-15 17:14:40] [INFO] 警告: 360421201203102.xlsx 没有工作表，跳过
[2026-05-15 17:14:40] [INFO] 复制工作表: E:\杂七杂八\trea项目\xiang\dist\成果\AFAE90012E000000ZBCS001.xlsx -> 360481AFAE90012E000000ZA0001.xlsx
[2026-05-15 17:14:41] [INFO] 复制工作表: E:\杂七杂八\trea项目\xiang\dist\成果\AFAE90012E000000ZBCS002.xlsx -> 360481AFAE90012E000000ZA0001.xlsx
[2026-05-15 17:14:41] [INFO] 未找到文件: AFAE90012E000000ZBCS003
[2026-05-15 17:14:41] [INFO] 未找到文件: AFAE90012E000000ZBCS006
[2026-05-15 17:14:41] [INFO] 未找到文件: AFAE90012D000000ZBCS001
[2026-05-15 17:14:41] [INFO] 未找到文件: AFAE90012D000000ZBCS002
[2026-05-15 17:14:41] [INFO] 未找到文件: AFAE90012D000000ZBCS003
[2026-05-15 17:14:41] [INFO] 未找到文件: AFAE90012D000000ZBCS004
[2026-05-15 17:14:41] [INFO] 未找到文件: AFAE90012D000000ZBCS005
[2026-05-15 17:14:41] [INFO] 未找到文件: AFAE90012D000000ZBCS006
[2026-05-15 17:14:41] [INFO] 已创建: 360481AFAE90012E000000ZA0001.xlsx
[2026-05-15 17:14:41] [INFO] 未找到文件: AFAE90012E000000ZBCS003
[2026-05-15 17:14:41] [INFO] 复制工作表: E:\杂七杂八\trea项目\xiang\dist\成果\AFAE90012E000000ZBCS004.xlsx -> 360481AFAE90012E000000ZA0002.xlsx
[2026-05-15 17:14:42] [INFO] 复制工作表: E:\杂七杂八\trea项目\xiang\dist\成果\AFAE90012E000000ZBCS005.xlsx -> 360481AFAE90012E000000ZA0002.xlsx
[2026-05-15 17:14:42] [INFO] 未找到文件: AFAE90012E000000ZBCS006
[2026-05-15 17:14:42] [INFO] 未找到文件: AFAE90012D000000ZBCS001
[2026-05-15 17:14:42] [INFO] 未找到文件: AFAE90012D000000ZBCS002
[2026-05-15 17:14:42] [INFO] 未找到文件: AFAE90012D000000ZBCS003
[2026-05-15 17:14:42] [INFO] 未找到文件: AFAE90012D000000ZBCS004
[2026-05-15 17:14:42] [INFO] 未找到文件: AFAE90012D000000ZBCS005
[2026-05-15 17:14:42] [INFO] 未找到文件: AFAE90012D000000ZBCS006
[2026-05-15 17:14:42] [INFO] 已创建: 360481AFAE90012E000000ZA0002.xlsx
[2026-05-15 17:14:42] [INFO] 未找到文件: AFAE900121F00000ZBCS001
[2026-05-15 17:14:42] [INFO] 未找到文件: AFAE900121F00000ZBCS002
[2026-05-15 17:14:42] [INFO] 未找到文件: AFAE900121F00000ZBCS003
[2026-05-15 17:14:42] [INFO] 未找到文件: AFAE900121F00000ZBCS004
[2026-05-15 17:14:42] [INFO] 未找到文件: AFAE900121F00000ZBCS005
[2026-05-15 17:14:42] [INFO] 未找到文件: AFAE900121F00000ZBCS006
[2026-05-15 17:14:42] [INFO] 未找到文件: AFAE900121F00000ZBCS007
[2026-05-15 17:14:42] [INFO] 警告: 360722AFAE900121F00000ZA0001.xlsx 没有工作表，跳过
[2026-05-15 17:14:42] [INFO] 未找到文件: AFAE90012C000000ZBCS001
[2026-05-15 17:14:42] [INFO] 未找到文件: AFAE90012C000000ZBCS002
[2026-05-15 17:14:42] [INFO] 未找到文件: AFAE90012C000000ZBCS003
[2026-05-15 17:14:42] [INFO] 未找到文件: AFAE90012C000000ZBCS004
[2026-05-15 17:14:42] [INFO] 未找到文件: AFAE90012C000000ZBCS005
[2026-05-15 17:14:42] [INFO] 未找到文件: AFAE90012C000000ZBCS006
[2026-05-15 17:14:42] [INFO] 未找到文件: AFAE90012B000000ZBCS001
[2026-05-15 17:14:42] [INFO] 复制工作表: E:\杂七杂八\trea项目\xiang\dist\成果\AFAE90012B000000ZBCS002.xlsx -> 360481AFAE90012C000000ZA0001.xlsx
[2026-05-15 17:14:42] [INFO] 未找到文件: AFAE90012B000000ZBCS003
[2026-05-15 17:14:42] [INFO] 未找到文件: AFAE90012B000000ZBCS004
[2026-05-15 17:14:43] [INFO] 复制工作表: E:\杂七杂八\trea项目\xiang\dist\成果\AFAE90012B000000ZBCS005.xlsx -> 360481AFAE90012C000000ZA0001.xlsx
[2026-05-15 17:14:43] [INFO] 已创建: 360481AFAE90012C000000ZA0001.xlsx
[2026-05-15 17:14:43] [INFO] 未找到文件: AFAE900121E00000ZBCS001
[2026-05-15 17:14:43] [INFO] 未找到文件: AFAE900121E00000ZBCS002
[2026-05-15 17:14:43] [INFO] 未找到文件: AFAE900121E00000ZBCS003
[2026-05-15 17:14:43] [INFO] 未找到文件: AFAE900121E00000ZBCS004
[2026-05-15 17:14:44] [INFO] 复制工作表: E:\杂七杂八\trea项目\xiang\dist\成果\AFAE900121E00000ZBCS005.xlsx -> 360481AFAE900121E00000ZA0001.xlsx
[2026-05-15 17:14:44] [INFO] 未找到文件: AFAE900121E00000ZBCS006
[2026-05-15 17:14:44] [INFO] 已创建: 360481AFAE900121E00000ZA0001.xlsx
[2026-05-15 17:14:44] [INFO] 未找到文件: AFAE90012C000000ZBCS005
[2026-05-15 17:14:44] [INFO] 未找到文件: AFAE90012C000000ZBCS006
[2026-05-15 17:14:44] [INFO] 未找到文件: AFAE90012C000000ZBCS007
[2026-05-15 17:14:44] [INFO] 未找到文件: AFAE90012B000000ZBCS001
[2026-05-15 17:14:44] [INFO] 复制工作表: E:\杂七杂八\trea项目\xiang\dist\成果\AFAE90012B000000ZBCS002.xlsx -> 360481AFAE90012C000000ZA0002.xlsx
[2026-05-15 17:14:44] [INFO] 未找到文件: AFAE90012B000000ZBCS003
[2026-05-15 17:14:44] [INFO] 未找到文件: AFAE90012B000000ZBCS004
[2026-05-15 17:14:45] [INFO] 复制工作表: E:\杂七杂八\trea项目\xiang\dist\成果\AFAE90012B000000ZBCS005.xlsx -> 360481AFAE90012C000000ZA0002.xlsx
[2026-05-15 17:14:45] [INFO] 已创建: 360481AFAE90012C000000ZA0002.xlsx
[2026-05-15 17:14:45] [INFO] 未找到文件: AFAE900121D00000ZBCS001
[2026-05-15 17:14:45] [INFO] 未找到文件: AFAE900121D00000ZBCS002
[2026-05-15 17:14:45] [INFO] 未找到文件: AFAE900121D00000ZBCS003
[2026-05-15 17:14:45] [INFO] 未找到文件: AFAE900121D00000ZBCS004
[2026-05-15 17:14:45] [INFO] 未找到文件: AFAE900121D00000ZBCS005
[2026-05-15 17:14:45] [INFO] 未找到文件: AFAE900121D00000ZBCS006
[2026-05-15 17:14:45] [INFO] 未找到文件: AFAE900121D00000ZBCS007
[2026-05-15 17:14:45] [INFO] 未找到文件: AFAE900121D00000ZBCS008
[2026-05-15 17:14:45] [INFO] 未找到文件: AFAE900121D00000ZBCS009
[2026-05-15 17:14:45] [INFO] 未找到文件: AFAE900121D00000ZBCS010
[2026-05-15 17:14:45] [INFO] 未找到文件: AFAE900121D00000ZBCS011
[2026-05-15 17:14:45] [INFO] 警告: 360481AFAE900121D00000ZA0001.xlsx 没有工作表，跳过
[2026-05-15 17:14:45] [INFO] 未找到文件: AFAE900121D00000ZBCS003
[2026-05-15 17:14:45] [INFO] 未找到文件: AFAE900121D00000ZBCS004
[2026-05-15 17:14:45] [INFO] 未找到文件: AFAE900121D00000ZBCS005
[2026-05-15 17:14:45] [INFO] 未找到文件: AFAE900121D00000ZBCS006
[2026-05-15 17:14:45] [INFO] 未找到文件: AFAE900121D00000ZBCS007
[2026-05-15 17:14:45] [INFO] 未找到文件: AFAE900121D00000ZBCS008
[2026-05-15 17:14:45] [INFO] 未找到文件: AFAE900121D00000ZBCS009
[2026-05-15 17:14:45] [INFO] 未找到文件: AFAE900121D00000ZBCS010
[2026-05-15 17:14:45] [INFO] 未找到文件: AFAE900121D00000ZBCS011
[2026-05-15 17:14:45] [INFO] 警告: 360481AFAE900121D00000ZA0002.xlsx 没有工作表，跳过
[2026-05-15 17:14:45] [INFO] 未找到文件: AFAE900121D00000ZBCS006
[2026-05-15 17:14:45] [INFO] 未找到文件: AFAE900121D00000ZBCS007
[2026-05-15 17:14:45] [INFO] 未找到文件: AFAE900121D00000ZBCS008
[2026-05-15 17:14:45] [INFO] 未找到文件: AFAE900121D00000ZBCS009
[2026-05-15 17:14:45] [INFO] 未找到文件: AFAE900121D00000ZBCS010
[2026-05-15 17:14:45] [INFO] 未找到文件: AFAE900121D00000ZBCS011
[2026-05-15 17:14:45] [INFO] 警告: 360481AFAE900121D00000ZA0003.xlsx 没有工作表，跳过
[2026-05-15 17:14:45] [INFO] 未找到文件: AFAE90012A000000ZBCS001
[2026-05-15 17:14:45] [INFO] 未找到文件: AFAE90012A000000ZBCS002
[2026-05-15 17:14:45] [INFO] 未找到文件: AFAE90012A000000ZBCS003
[2026-05-15 17:14:45] [INFO] 复制工作表: E:\杂七杂八\trea项目\xiang\dist\成果\AFAE90012A000000ZBCS004.xlsx -> 360481AFAE90012A000000ZA0001.xlsx
[2026-05-15 17:14:45] [INFO] 未找到文件: AFAE90012A000000ZBCS005
[2026-05-15 17:14:45] [INFO] 未找到文件: AFAE90012A000000ZBCS006
[2026-05-15 17:14:45] [INFO] 未找到文件: AFAE90012A000000ZBCS008
[2026-05-15 17:14:45] [INFO] 未找到文件: AFAE90012A000000ZBCS009
[2026-05-15 17:14:45] [INFO] 未找到文件: AFAE90012A000000ZBCS010
[2026-05-15 17:14:45] [INFO] 已创建: 360481AFAE90012A000000ZA0001.xlsx
[2026-05-15 17:14:45] [INFO] 未找到文件: AFAE90012A000000ZBCS005
[2026-05-15 17:14:45] [INFO] 未找到文件: AFAE90012A000000ZBCS006
[2026-05-15 17:14:45] [INFO] 未找到文件: AFAE90012A000000ZBCS007
[2026-05-15 17:14:45] [INFO] 未找到文件: AFAE90012A000000ZBCS008
[2026-05-15 17:14:45] [INFO] 未找到文件: AFAE90012A000000ZBCS009
[2026-05-15 17:14:45] [INFO] 未找到文件: AFAE90012A000000ZBCS010
[2026-05-15 17:14:45] [INFO] 未找到文件: AFAE90012A000000ZBCS014
[2026-05-15 17:14:45] [INFO] 未找到文件: AFAE900129000000ZBCS001
[2026-05-15 17:14:45] [INFO] 警告: 360481AFAE90012A000000ZA0003.xlsx 没有工作表，跳过
[2026-05-15 17:14:45] [INFO] 未找到文件: AFAE90012A000000ZBCS012
[2026-05-15 17:14:45] [INFO] 未找到文件: AFAE90012A000000ZBCS013
[2026-05-15 17:14:45] [INFO] 未找到文件: AFAE90012A000000ZBCS014
[2026-05-15 17:14:45] [INFO] 未找到文件: AFAE900129000000ZBCS001
[2026-05-15 17:14:45] [INFO] 未找到文件: AFAE900121B00000ZBCS001
[2026-05-15 17:14:45] [INFO] 未找到文件: AFAE900121B00000ZBCS002
[2026-05-15 17:14:45] [INFO] 未找到文件: AFAE900121B00000ZBCS003
[2026-05-15 17:14:45] [INFO] 未找到文件: AFAE900121B00000ZBCS004
[2026-05-15 17:14:45] [INFO] 未找到文件: AFAE900121B00000ZBCS005
[2026-05-15 17:14:45] [INFO] 警告: 360481AFAE90012A000000ZA0004.xlsx 没有工作表，跳过
[2026-05-15 17:14:45] [INFO] 未找到文件: AFAE900121B00000ZBCS001
[2026-05-15 17:14:45] [INFO] 未找到文件: AFAE900121B00000ZBCS002
[2026-05-15 17:14:45] [INFO] 未找到文件: AFAE900121B00000ZBCS003
[2026-05-15 17:14:45] [INFO] 未找到文件: AFAE900121B00000ZBCS004
[2026-05-15 17:14:45] [INFO] 未找到文件: AFAE900121B00000ZBCS005
[2026-05-15 17:14:45] [INFO] 警告: 360481AFAE900121B00000ZA0001.xlsx 没有工作表，跳过
[2026-05-15 17:14:45] [INFO] 未找到文件: AFAE900128H00000ZBCS001
[2026-05-15 17:14:45] [INFO] 未找到文件: AFAE900128H00000ZBCS002
[2026-05-15 17:14:45] [INFO] 未找到文件: AFAE900128H00000ZBCS003
[2026-05-15 17:14:45] [INFO] 未找到文件: AFAE900128H00000ZBCS004
[2026-05-15 17:14:45] [INFO] 未找到文件: AFAE900128H00000ZBCS005
[2026-05-15 17:14:45] [INFO] 未找到文件: AFAE900128H00000ZBCS006
[2026-05-15 17:14:45] [INFO] 未找到文件: AFAE900128H00000ZBCS008
[2026-05-15 17:14:45] [INFO] 未找到文件: AFAE900128H00000ZBCS009
[2026-05-15 17:14:45] [INFO] 未找到文件: AFAE900128H00000ZBCS010
[2026-05-15 17:14:45] [INFO] 未找到文件: AFAE900128H00000ZBCS011
[2026-05-15 17:14:45] [INFO] 未找到文件: AFAE900128H00000ZBCS012
[2026-05-15 17:14:45] [INFO] 警告: 360481AFAE900128H00000ZA0001.xlsx 没有工作表，跳过
[2026-05-15 17:14:45] [INFO] 未找到文件: AFAE900128H00000ZBCS007
[2026-05-15 17:14:45] [INFO] 未找到文件: AFAE900128H00000ZBCS008
[2026-05-15 17:14:45] [INFO] 未找到文件: AFAE900128H00000ZBCS009
[2026-05-15 17:14:45] [INFO] 未找到文件: AFAE900128H00000ZBCS010
[2026-05-15 17:14:45] [INFO] 未找到文件: AFAE900128H00000ZBCS011
[2026-05-15 17:14:45] [INFO] 未找到文件: AFAE900128H00000ZBCS012
[2026-05-15 17:14:45] [INFO] 警告: 360481AFAE900128H00000ZA0002.xlsx 没有工作表，跳过
[2026-05-15 17:14:45] [INFO] 未找到文件: AFAE900122HF0000ZBCS001
[2026-05-15 17:14:45] [INFO] 未找到文件: AFAE900122HF0000ZBCS002
[2026-05-15 17:14:45] [INFO] 未找到文件: AFAE900122HF0000ZBCS003
[2026-05-15 17:14:45] [INFO] 未找到文件: AFAE900122HF0000ZBCS004
[2026-05-15 17:14:45] [INFO] 警告: 360421AFAE900122HF0000ZA0001.xlsx 没有工作表，跳过
[2026-05-15 17:14:45] [INFO] 未找到文件: AFAE900122HF0000ZBCS005
[2026-05-15 17:14:45] [INFO] 未找到文件: AFAE900122HF0000ZBCS006
[2026-05-15 17:14:45] [INFO] 未找到文件: AFAE900122HF0000ZBCS007
[2026-05-15 17:14:45] [INFO] 未找到文件: AFAE900122HF0000ZBCS008
[2026-05-15 17:14:45] [INFO] 未找到文件: AFAE900122HF0000ZBCS011
[2026-05-15 17:14:45] [INFO] 未找到文件: AFAE900122HF0000ZBCS012
[2026-05-15 17:14:45] [INFO] 警告: 360421AFAE900122HF0000ZA0002.xlsx 没有工作表，跳过
[2026-05-15 17:14:45] [INFO] 未找到文件: AFAE900122HF0000ZBCS009
[2026-05-15 17:14:45] [INFO] 未找到文件: AFAE900122HF0000ZBCS010
[2026-05-15 17:14:45] [INFO] 未找到文件: AFAE900122HF0000ZBCS011
[2026-05-15 17:14:45] [INFO] 未找到文件: AFAE900122HF0000ZBCS012
[2026-05-15 17:14:45] [INFO] 未找到文件: AFAE900122HF0000ZBCS013
[2026-05-15 17:14:45] [INFO] 警告: 360421AFAE900122HF0000ZA0003.xlsx 没有工作表，跳过
[2026-05-15 17:14:45] [INFO] 未找到文件: AFAE900122HF0000ZBCS014
[2026-05-15 17:14:45] [INFO] 未找到文件: AFAE900122HF0000ZBCS015
[2026-05-15 17:14:45] [INFO] 未找到文件: AFAE900122HF0000ZBCS016
[2026-05-15 17:14:45] [INFO] 未找到文件: AFAE900122HF0000ZBCS017
[2026-05-15 17:14:45] [INFO] 未找到文件: AFAE900122HF0000ZBCS018
[2026-05-15 17:14:45] [INFO] 警告: 360421AFAE900122HF0000ZA0004.xlsx 没有工作表，跳过
[2026-05-15 17:14:45] [INFO] 未找到文件: AFAE900122HF0000ZBCS019
[2026-05-15 17:14:45] [INFO] 未找到文件: AFAE900122HF0000ZBCS020
[2026-05-15 17:14:45] [INFO] 未找到文件: AFAE900122HF0000ZBCS021
[2026-05-15 17:14:45] [INFO] 未找到文件: AFAE900122HF0000ZBCS022
[2026-05-15 17:14:45] [INFO] 警告: 360421AFAE900122HF0000ZA0005.xlsx 没有工作表，跳过
[2026-05-15 17:14:45] [INFO] ===== 合并完成 =====
[2026-05-15 17:15:17] [INFO] 找到对应表: E:\杂七杂八\trea项目\xiang\dist\模板\对应表.XLSX
[2026-05-15 17:15:17] [INFO] ===== 开始整理 E:\杂七杂八\trea项目\xiang\dist\成果 =====
[2026-05-15 17:15:17] [INFO] 工作表数量: 6
[2026-05-15 17:15:17] [INFO] 正在处理Sheet4
[2026-05-15 17:15:17] [INFO] 一级文件夹: '防治对象'
[2026-05-15 17:15:17] [INFO] 创建一级文件夹: E:\杂七杂八\trea项目\xiang\dist\成果\防治对象
[2026-05-15 17:15:17] [INFO] 创建二级文件夹: E:\杂七杂八\trea项目\xiang\dist\成果\防治对象\测量表
[2026-05-15 17:15:17] [INFO] 创建二级文件夹: E:\杂七杂八\trea项目\xiang\dist\成果\防治对象\断面成图
[2026-05-15 17:15:17] [INFO] 总列数: 21
[2026-05-15 17:15:17] [INFO] 第1列: 二级='测量表', 三级='360481002211103_桂林村桂林桥01'
[2026-05-15 17:15:17] [INFO] 创建三级文件夹: E:\杂七杂八\trea项目\xiang\dist\成果\防治对象\测量表\360481002211103_桂林村桂林桥01
[2026-05-15 17:15:17] [INFO] 第1列文件数量: 5
[2026-05-15 17:15:17] [INFO] 复制文件: E:\杂七杂八\trea项目\xiang\dist\成果\沟道横断面成果表_AFAE900121F00000ZACS001.xlsx -> E:\杂七杂八\trea项目\xiang\dist\成果\防治对象\测量表\360481002211103_桂林村桂林桥01\沟道横断面成果表_AFAE900121F00000ZACS001.xlsx
[2026-05-15 17:15:17] [INFO] 复制文件: E:\杂七杂八\trea项目\xiang\dist\成果\沟道横断面成果表_AFAE90012E000000ZACS001.xlsx -> E:\杂七杂八\trea项目\xiang\dist\成果\防治对象\测量表\360481002211103_桂林村桂林桥01\沟道横断面成果表_AFAE90012E000000ZACS001.xlsx
[2026-05-15 17:15:17] [INFO] 复制文件: E:\杂七杂八\trea项目\xiang\dist\成果\沟道横断面成果表_AFAE90012E000000ZACS002.xlsx -> E:\杂七杂八\trea项目\xiang\dist\成果\防治对象\测量表\360481002211103_桂林村桂林桥01\沟道横断面成果表_AFAE90012E000000ZACS002.xlsx
[2026-05-15 17:15:17] [INFO] 复制文件: E:\杂七杂八\trea项目\xiang\dist\成果\沟道纵断面成果表_AFAE900121F00000ZACS003.xlsx -> E:\杂七杂八\trea项目\xiang\dist\成果\防治对象\测量表\360481002211103_桂林村桂林桥01\沟道纵断面成果表_AFAE900121F00000ZACS003.xlsx
[2026-05-15 17:15:17] [INFO] 复制文件: E:\杂七杂八\trea项目\xiang\dist\成果\沟道纵断面成果表_AFAE90012D000000ZACS002.xlsx -> E:\杂七杂八\trea项目\xiang\dist\成果\防治对象\测量表\360481002211103_桂林村桂林桥01\沟道纵断面成果表_AFAE90012D000000ZACS002.xlsx
[2026-05-15 17:15:17] [INFO] 第2列: 二级='断面成图', 三级='360481002211113_桂林村桂林桥02'
[2026-05-15 17:15:17] [INFO] 创建三级文件夹: E:\杂七杂八\trea项目\xiang\dist\成果\防治对象\断面成图\360481002211113_桂林村桂林桥02
[2026-05-15 17:15:17] [INFO] 第2列文件数量: 4
[2026-05-15 17:15:17] [INFO] 复制文件: E:\杂七杂八\trea项目\xiang\dist\成果\沟道横断面成果表_AFAE90012D000000ZACS001.xlsx -> E:\杂七杂八\trea项目\xiang\dist\成果\防治对象\断面成图\360481002211113_桂林村桂林桥02\沟道横断面成果表_AFAE90012D000000ZACS001.xlsx
[2026-05-15 17:15:17] [INFO] 复制文件: E:\杂七杂八\trea项目\xiang\dist\成果\沟道横断面成果表_AFAE90012E000000ZACS001.xlsx -> E:\杂七杂八\trea项目\xiang\dist\成果\防治对象\断面成图\360481002211113_桂林村桂林桥02\沟道横断面成果表_AFAE90012E000000ZACS001.xlsx
[2026-05-15 17:15:17] [INFO] 复制文件: E:\杂七杂八\trea项目\xiang\dist\成果\沟道横断面成果表_AFAE90012E000000ZACS002.xlsx -> E:\杂七杂八\trea项目\xiang\dist\成果\防治对象\断面成图\360481002211113_桂林村桂林桥02\沟道横断面成果表_AFAE90012E000000ZACS002.xlsx
[2026-05-15 17:15:17] [INFO] 复制文件: E:\杂七杂八\trea项目\xiang\dist\成果\沟道纵断面成果表_AFAE90012D000000ZACS002.xlsx -> E:\杂七杂八\trea项目\xiang\dist\成果\防治对象\断面成图\360481002211113_桂林村桂林桥02\沟道纵断面成果表_AFAE90012D000000ZACS002.xlsx
[2026-05-15 17:15:17] [INFO] 已存在: 沟道横断面成果表_AFAE90012E000000ZACS001.xlsx 在 E:\杂七杂八\trea项目\xiang\dist\成果\防治对象\断面成图\360481002211113_桂林村桂林桥02
[2026-05-15 17:15:17] [INFO] 已存在: 沟道横断面成果表_AFAE90012E000000ZACS002.xlsx 在 E:\杂七杂八\trea项目\xiang\dist\成果\防治对象\断面成图\360481002211113_桂林村桂林桥02
[2026-05-15 17:15:17] [INFO] 已存在: 沟道纵断面成果表_AFAE90012D000000ZACS002.xlsx 在 E:\杂七杂八\trea项目\xiang\dist\成果\防治对象\断面成图\360481002211113_桂林村桂林桥02
[2026-05-15 17:15:17] [INFO] 第3列: 二级='', 三级='360481002211123_桂林村桂林桥03'
[2026-05-15 17:15:17] [INFO] 警告: 第3列文件夹信息不完整，跳过
[2026-05-15 17:15:17] [INFO] 第4列: 二级='', 三级='360481106207101_永兴村堰边朱'
[2026-05-15 17:15:17] [INFO] 警告: 第4列文件夹信息不完整，跳过
[2026-05-15 17:15:17] [INFO] 第5列: 二级='', 三级='360481106207100_永兴村楼下朱'
[2026-05-15 17:15:17] [INFO] 警告: 第5列文件夹信息不完整，跳过
[2026-05-15 17:15:17] [INFO] 第6列: 二级='', 三级='360481106202127_乐丰村范湾'
[2026-05-15 17:15:17] [INFO] 警告: 第6列文件夹信息不完整，跳过
[2026-05-15 17:15:17] [INFO] 第7列: 二级='', 三级='360481106200106_永丰村老屋陈家'
[2026-05-15 17:15:17] [INFO] 警告: 第7列文件夹信息不完整，跳过
[2026-05-15 17:15:17] [INFO] 第8列: 二级='', 三级='360481106200105_永丰村黄家'
[2026-05-15 17:15:17] [INFO] 警告: 第8列文件夹信息不完整，跳过
[2026-05-15 17:15:17] [INFO] 第9列: 二级='', 三级='360481106205101_铺头村龚湾外屋'
[2026-05-15 17:15:17] [INFO] 警告: 第9列文件夹信息不完整，跳过
[2026-05-15 17:15:17] [INFO] 第10列: 二级='', 三级='360481106205112_铺头村邓家坝'
[2026-05-15 17:15:17] [INFO] 警告: 第10列文件夹信息不完整，跳过
[2026-05-15 17:15:17] [INFO] 第11列: 二级='', 三级='360481106205110_铺头村大屋李'
[2026-05-15 17:15:17] [INFO] 警告: 第11列文件夹信息不完整，跳过
[2026-05-15 17:15:17] [INFO] 第12列: 二级='', 三级='360481106205107_铺头何家'
[2026-05-15 17:15:17] [INFO] 警告: 第12列文件夹信息不完整，跳过
[2026-05-15 17:15:17] [INFO] 第13列: 二级='', 三级='360481203200103_张家铺村瓜坑'
[2026-05-15 17:15:17] [INFO] 警告: 第13列文件夹信息不完整，跳过
[2026-05-15 17:15:17] [INFO] 第14列: 二级='', 三级='360481203200100_张家铺村桐林坂'
[2026-05-15 17:15:17] [INFO] 警告: 第14列文件夹信息不完整，跳过
[2026-05-15 17:15:17] [INFO] 第15列: 二级='', 三级='360481002210102_光明村坎下詹家'
[2026-05-15 17:15:17] [INFO] 警告: 第15列文件夹信息不完整，跳过
[2026-05-15 17:15:17] [INFO] 第16列: 二级='', 三级='360481002209110_常丰村下汪村'
[2026-05-15 17:15:17] [INFO] 警告: 第16列文件夹信息不完整，跳过
[2026-05-15 17:15:17] [INFO] 第17列: 二级='', 三级='360421201201108_黄洞村帐山新屋'
[2026-05-15 17:15:17] [INFO] 警告: 第17列文件夹信息不完整，跳过
[2026-05-15 17:15:17] [INFO] 第18列: 二级='', 三级='360421201201114_黄洞村寺门口'
[2026-05-15 17:15:17] [INFO] 警告: 第18列文件夹信息不完整，跳过
[2026-05-15 17:15:17] [INFO] 第19列: 二级='', 三级='360421201203100_涌泉村文家坝'
[2026-05-15 17:15:17] [INFO] 警告: 第19列文件夹信息不完整，跳过
[2026-05-15 17:15:17] [INFO] 第20列: 二级='', 三级='360421201203103_涌泉村大坪黄家'
[2026-05-15 17:15:17] [INFO] 警告: 第20列文件夹信息不完整，跳过
[2026-05-15 17:15:17] [INFO] 第21列: 二级='', 三级='360421201203102_涌泉村涌泉洞'
[2026-05-15 17:15:17] [INFO] 警告: 第21列文件夹信息不完整，跳过
[2026-05-15 17:15:17] [INFO] 正在处理Sheet5
[2026-05-15 17:15:17] [INFO] 一级文件夹: '跨沟道路和桥涵'
[2026-05-15 17:15:17] [INFO] 创建一级文件夹: E:\杂七杂八\trea项目\xiang\dist\成果\跨沟道路和桥涵
[2026-05-15 17:15:17] [INFO] 创建二级文件夹: E:\杂七杂八\trea项目\xiang\dist\成果\跨沟道路和桥涵\测量表
[2026-05-15 17:15:17] [INFO] 创建二级文件夹: E:\杂七杂八\trea项目\xiang\dist\成果\跨沟道路和桥涵\断面成图
[2026-05-15 17:15:17] [INFO] 总列数: 20
[2026-05-15 17:15:17] [INFO] 第1列: 二级='测量表', 三级='360481AFAE90012E000000ZA0001_桂林二桥'
[2026-05-15 17:15:17] [INFO] 创建三级文件夹: E:\杂七杂八\trea项目\xiang\dist\成果\跨沟道路和桥涵\测量表\360481AFAE90012E000000ZA0001_桂林二桥
[2026-05-15 17:15:17] [INFO] 第1列文件数量: 10
[2026-05-15 17:15:17] [INFO] 复制文件: E:\杂七杂八\trea项目\xiang\dist\成果\沟道横断面成果表_AFAE90012E000000ZBCS001.xlsx -> E:\杂七杂八\trea项目\xiang\dist\成果\跨沟道路和桥涵\测量表\360481AFAE90012E000000ZA0001_桂林二桥\沟道横断面成果表_AFAE90012E000000ZBCS001.xlsx
[2026-05-15 17:15:17] [INFO] 复制文件: E:\杂七杂八\trea项目\xiang\dist\成果\沟道横断面成果表_AFAE90012E000000ZBCS002.xlsx -> E:\杂七杂八\trea项目\xiang\dist\成果\跨沟道路和桥涵\测量表\360481AFAE90012E000000ZA0001_桂林二桥\沟道横断面成果表_AFAE90012E000000ZBCS002.xlsx
[2026-05-15 17:15:17] [INFO] 第2列: 二级='断面成图', 三级='360481AFAE90012E000000ZA0002_桂林大桥'
[2026-05-15 17:15:17] [INFO] 创建三级文件夹: E:\杂七杂八\trea项目\xiang\dist\成果\跨沟道路和桥涵\断面成图\360481AFAE90012E000000ZA0002_桂林大桥
[2026-05-15 17:15:17] [INFO] 第2列文件数量: 10
[2026-05-15 17:15:17] [INFO] 复制文件: E:\杂七杂八\trea项目\xiang\dist\成果\沟道横断面成果表_AFAE90012E000000ZBCS004.xlsx -> E:\杂七杂八\trea项目\xiang\dist\成果\跨沟道路和桥涵\断面成图\360481AFAE90012E000000ZA0002_桂林大桥\沟道横断面成果表_AFAE90012E000000ZBCS004.xlsx
[2026-05-15 17:15:17] [INFO] 复制文件: E:\杂七杂八\trea项目\xiang\dist\成果\沟道横断面成果表_AFAE90012E000000ZBCS005.xlsx -> E:\杂七杂八\trea项目\xiang\dist\成果\跨沟道路和桥涵\断面成图\360481AFAE90012E000000ZA0002_桂林大桥\沟道横断面成果表_AFAE90012E000000ZBCS005.xlsx
[2026-05-15 17:15:17] [INFO] 第3列: 二级='', 三级='360722AFAE900121F00000ZA0001_立新二桥'
[2026-05-15 17:15:17] [INFO] 警告: 第3列文件夹信息不完整，跳过
[2026-05-15 17:15:17] [INFO] 第4列: 二级='', 三级='360481AFAE90012C000000ZA0001_双丰桥'
[2026-05-15 17:15:17] [INFO] 警告: 第4列文件夹信息不完整，跳过
[2026-05-15 17:15:17] [INFO] 第5列: 二级='', 三级='360481AFAE900121E00000ZA0001_堰边朱桥'
[2026-05-15 17:15:17] [INFO] 警告: 第5列文件夹信息不完整，跳过
[2026-05-15 17:15:17] [INFO] 第6列: 二级='', 三级='360481AFAE90012C000000ZA0002_王家冲新桥'
[2026-05-15 17:15:17] [INFO] 警告: 第6列文件夹信息不完整，跳过
[2026-05-15 17:15:17] [INFO] 第7列: 二级='', 三级='360481AFAE900121D00000ZA0001_高丰中桥'
[2026-05-15 17:15:17] [INFO] 警告: 第7列文件夹信息不完整，跳过
[2026-05-15 17:15:17] [INFO] 第8列: 二级='', 三级='360481AFAE900121D00000ZA0002_老屋陈村桥02'
[2026-05-15 17:15:17] [INFO] 警告: 第8列文件夹信息不完整，跳过
[2026-05-15 17:15:17] [INFO] 第9列: 二级='', 三级='360481AFAE900121D00000ZA0003_老屋陈村桥'
[2026-05-15 17:15:17] [INFO] 警告: 第9列文件夹信息不完整，跳过
[2026-05-15 17:15:17] [INFO] 第10列: 二级='', 三级='360481AFAE90012A000000ZA0001_邓家坝桥'
[2026-05-15 17:15:17] [INFO] 警告: 第10列文件夹信息不完整，跳过
[2026-05-15 17:15:17] [INFO] 第11列: 二级='', 三级='360481AFAE90012A000000ZA0003_铺头村桥'
[2026-05-15 17:15:17] [INFO] 警告: 第11列文件夹信息不完整，跳过
[2026-05-15 17:15:17] [INFO] 第12列: 二级='', 三级='360481AFAE90012A000000ZA0004_铺头老桥'
[2026-05-15 17:15:17] [INFO] 警告: 第12列文件夹信息不完整，跳过
[2026-05-15 17:15:17] [INFO] 第13列: 二级='', 三级='360481AFAE900121B00000ZA0001_瓜坑大桥'
[2026-05-15 17:15:17] [INFO] 警告: 第13列文件夹信息不完整，跳过
[2026-05-15 17:15:17] [INFO] 第14列: 二级='', 三级='360481AFAE900128H00000ZA0001_登业大桥'
[2026-05-15 17:15:17] [INFO] 警告: 第14列文件夹信息不完整，跳过
[2026-05-15 17:15:17] [INFO] 第15列: 二级='', 三级='360481AFAE900128H00000ZA0002_三联村桥'
[2026-05-15 17:15:17] [INFO] 警告: 第15列文件夹信息不完整，跳过
[2026-05-15 17:15:17] [INFO] 第16列: 二级='', 三级='360421AFAE900122HF0000ZA0001_底下何家村桥'
[2026-05-15 17:15:17] [INFO] 警告: 第16列文件夹信息不完整，跳过
[2026-05-15 17:15:17] [INFO] 第17列: 二级='', 三级='360421AFAE900122HF0000ZA0002_吴家桥'
[2026-05-15 17:15:17] [INFO] 警告: 第17列文件夹信息不完整，跳过
[2026-05-15 17:15:17] [INFO] 第18列: 二级='', 三级='360421AFAE900122HF0000ZA0003_胡家桥'
[2026-05-15 17:15:17] [INFO] 警告: 第18列文件夹信息不完整，跳过
[2026-05-15 17:15:17] [INFO] 第19列: 二级='', 三级='360421AFAE900122HF0000ZA0004_文家坝桥'
[2026-05-15 17:15:17] [INFO] 警告: 第19列文件夹信息不完整，跳过
[2026-05-15 17:15:17] [INFO] 第20列: 二级='', 三级='360421AFAE900122HF0000ZA0005_涌泉村桥'
[2026-05-15 17:15:17] [INFO] 警告: 第20列文件夹信息不完整，跳过
[2026-05-15 17:15:17] [INFO] ===== 整理完成 =====
[2026-05-15 17:15:17] [INFO] ===== 开始合并 E:\杂七杂八\trea项目\xiang\dist\成果 =====
[2026-05-15 17:15:17] [INFO] 复制工作表: E:\杂七杂八\trea项目\xiang\dist\成果\沟道横断面成果表_AFAE90012E000000ZACS001.xlsx -> 360481002211103.xlsx
[2026-05-15 17:15:17] [INFO] 复制工作表: E:\杂七杂八\trea项目\xiang\dist\成果\沟道横断面成果表_AFAE90012E000000ZACS002.xlsx -> 360481002211103.xlsx
[2026-05-15 17:15:17] [INFO] 复制工作表: E:\杂七杂八\trea项目\xiang\dist\成果\沟道横断面成果表_AFAE900121F00000ZACS001.xlsx -> 360481002211103.xlsx
[2026-05-15 17:15:17] [INFO] 复制工作表: E:\杂七杂八\trea项目\xiang\dist\成果\沟道纵断面成果表_AFAE90012D000000ZACS002.xlsx -> 360481002211103.xlsx
[2026-05-15 17:15:17] [INFO] 复制工作表: E:\杂七杂八\trea项目\xiang\dist\成果\沟道纵断面成果表_AFAE900121F00000ZACS003.xlsx -> 360481002211103.xlsx
[2026-05-15 17:15:17] [INFO] 已创建: 360481002211103.xlsx
[2026-05-15 17:15:17] [INFO] 复制工作表: E:\杂七杂八\trea项目\xiang\dist\成果\沟道横断面成果表_AFAE90012E000000ZACS001.xlsx -> 360481002211113.xlsx
[2026-05-15 17:15:18] [INFO] 复制工作表: E:\杂七杂八\trea项目\xiang\dist\成果\沟道横断面成果表_AFAE90012E000000ZACS002.xlsx -> 360481002211113.xlsx
[2026-05-15 17:15:18] [INFO] 复制工作表: E:\杂七杂八\trea项目\xiang\dist\成果\沟道横断面成果表_AFAE90012D000000ZACS001.xlsx -> 360481002211113.xlsx
[2026-05-15 17:15:18] [INFO] 复制工作表: E:\杂七杂八\trea项目\xiang\dist\成果\沟道纵断面成果表_AFAE90012D000000ZACS002.xlsx -> 360481002211113.xlsx
[2026-05-15 17:15:18] [INFO] 已创建: 360481002211113.xlsx
[2026-05-15 17:15:18] [INFO] 未找到文件: 沟道横断面成果表_AFAE90012E000000ZACS003
[2026-05-15 17:15:18] [INFO] 复制工作表: E:\杂七杂八\trea项目\xiang\dist\成果\沟道横断面成果表_AFAE900121F00000ZACS001.xlsx -> 360481002211123.xlsx
[2026-05-15 17:15:18] [INFO] 复制工作表: E:\杂七杂八\trea项目\xiang\dist\成果\沟道横断面成果表_AFAE900121F00000ZACS002.xlsx -> 360481002211123.xlsx
[2026-05-15 17:15:18] [INFO] 复制工作表: E:\杂七杂八\trea项目\xiang\dist\成果\沟道纵断面成果表_AFAE900121F00000ZACS003.xlsx -> 360481002211123.xlsx
[2026-05-15 17:15:18] [INFO] 复制工作表: E:\杂七杂八\trea项目\xiang\dist\成果\沟道纵断面成果表_AFAE90012D000000ZACS002.xlsx -> 360481002211123.xlsx
[2026-05-15 17:15:18] [INFO] 已创建: 360481002211123.xlsx
[2026-05-15 17:15:18] [INFO] 未找到文件: 沟道横断面成果表_AFAE90012C000000ZACS001
[2026-05-15 17:15:18] [INFO] 未找到文件: 沟道横断面成果表_AFAE90012C000000ZACS002
[2026-05-15 17:15:18] [INFO] 未找到文件: 沟道横断面成果表_AFAE90012C000000ZACS003
[2026-05-15 17:15:18] [INFO] 未找到文件: 沟道纵断面成果表_AFAE90012B000000ZACS002
[2026-05-15 17:15:18] [INFO] 未找到文件: 沟道横断面成果表_AFAE900121E00000ZACS001
[2026-05-15 17:15:18] [INFO] 未找到文件: 沟道横断面成果表_AFAE900121E00000ZACS002
[2026-05-15 17:15:18] [INFO] 未找到文件: 沟道横断面成果表_AFAE900121E00000ZACS003
[2026-05-15 17:15:18] [INFO] 未找到文件: 沟道纵断面成果表_AFAE900121E00000ZACS004
[2026-05-15 17:15:18] [INFO] 警告: 360481106207101.xlsx 没有工作表，跳过
[2026-05-15 17:15:18] [INFO] 未找到文件: 沟道横断面成果表_AFAE90012C000000ZACS004
[2026-05-15 17:15:18] [INFO] 未找到文件: 沟道横断面成果表_AFAE90012C000000ZACS005
[2026-05-15 17:15:18] [INFO] 未找到文件: 沟道横断面成果表_AFAE90012C000000ZACS006
[2026-05-15 17:15:18] [INFO] 未找到文件: 沟道纵断面成果表_AFAE90012B000000ZACS002
[2026-05-15 17:15:18] [INFO] 警告: 360481106207100.xlsx 没有工作表，跳过
[2026-05-15 17:15:18] [INFO] 未找到文件: 沟道横断面成果表_AFAE90012C000000ZACS007
[2026-05-15 17:15:18] [INFO] 未找到文件: 沟道横断面成果表_AFAE90012C000000ZACS008
[2026-05-15 17:15:18] [INFO] 未找到文件: 沟道横断面成果表_AFAE90012B000000ZACS001
[2026-05-15 17:15:18] [INFO] 未找到文件: 沟道纵断面成果表_AFAE90012B000000ZACS002
[2026-05-15 17:15:18] [INFO] 警告: 360481106202127.xlsx 没有工作表，跳过
[2026-05-15 17:15:18] [INFO] 未找到文件: 沟道横断面成果表_AFAE900121D00000ZACS001
[2026-05-15 17:15:18] [INFO] 未找到文件: 沟道横断面成果表_AFAE900121D00000ZACS002
[2026-05-15 17:15:18] [INFO] 未找到文件: 沟道横断面成果表_AFAE900121D00000ZACS003
[2026-05-15 17:15:18] [INFO] 未找到文件: 沟道纵断面成果表_AFAE900121D00000ZACS004
[2026-05-15 17:15:18] [INFO] 警告: 360481106200106.xlsx 没有工作表，跳过
[2026-05-15 17:15:18] [INFO] 未找到文件: 沟道横断面成果表_AFAE900121D00000ZACS001
[2026-05-15 17:15:18] [INFO] 未找到文件: 沟道横断面成果表_AFAE900121D00000ZACS002
[2026-05-15 17:15:18] [INFO] 未找到文件: 沟道横断面成果表_AFAE900121D00000ZACS003
[2026-05-15 17:15:18] [INFO] 未找到文件: 沟道纵断面成果表_AFAE900121D00000ZACS004
[2026-05-15 17:15:18] [INFO] 警告: 360481106200105.xlsx 没有工作表，跳过
[2026-05-15 17:15:18] [INFO] 未找到文件: 沟道横断面成果表_AFAE90012A000000ZACS001
[2026-05-15 17:15:18] [INFO] 未找到文件: 沟道横断面成果表_AFAE90012A000000ZACS002
[2026-05-15 17:15:18] [INFO] 未找到文件: 沟道横断面成果表_AFAE90012A000000ZACS003
[2026-05-15 17:15:18] [INFO] 未找到文件: 沟道纵断面成果表_AFAE90012A000000ZACS004
[2026-05-15 17:15:18] [INFO] 警告: 360481106205101.xlsx 没有工作表，跳过
[2026-05-15 17:15:18] [INFO] 未找到文件: 沟道横断面成果表_AFAE90012A000000ZACS001
[2026-05-15 17:15:18] [INFO] 未找到文件: 沟道横断面成果表_AFAE90012A000000ZACS002
[2026-05-15 17:15:18] [INFO] 未找到文件: 沟道横断面成果表_AFAE90012A000000ZACS003
[2026-05-15 17:15:18] [INFO] 未找到文件: 沟道纵断面成果表_AFAE90012A000000ZACS004
[2026-05-15 17:15:18] [INFO] 警告: 360481106205112.xlsx 没有工作表，跳过
[2026-05-15 17:15:18] [INFO] 未找到文件: 沟道横断面成果表_AFAE90012A000000ZACS005
[2026-05-15 17:15:18] [INFO] 未找到文件: 沟道横断面成果表_AFAE90012A000000ZACS006
[2026-05-15 17:15:18] [INFO] 未找到文件: 沟道横断面成果表_AFAE90012A000000ZACS007
[2026-05-15 17:15:18] [INFO] 未找到文件: 沟道纵断面成果表_AFAE90012A000000ZACS008
[2026-05-15 17:15:18] [INFO] 警告: 360481106205110.xlsx 没有工作表，跳过
[2026-05-15 17:15:18] [INFO] 未找到文件: 沟道横断面成果表_AFAE90012A000000ZACS009
[2026-05-15 17:15:18] [INFO] 未找到文件: 沟道横断面成果表_AFAE90012A000000ZACS010
[2026-05-15 17:15:18] [INFO] 未找到文件: 沟道横断面成果表_AFAE90012A000000ZACS011
[2026-05-15 17:15:18] [INFO] 未找到文件: 沟道纵断面成果表_AFAE90012A000000ZACS012
[2026-05-15 17:15:18] [INFO] 警告: 360481106205107.xlsx 没有工作表，跳过
[2026-05-15 17:15:18] [INFO] 未找到文件: 沟道横断面成果表_AFAE900121B00000ZACS001
[2026-05-15 17:15:18] [INFO] 未找到文件: 沟道横断面成果表_AFAE900121B00000ZACS002
[2026-05-15 17:15:18] [INFO] 未找到文件: 沟道横断面成果表_AFAE900121B00000ZACS003
[2026-05-15 17:15:18] [INFO] 未找到文件: 沟道纵断面成果表_AFAE900121B00000ZACS004
[2026-05-15 17:15:18] [INFO] 警告: 360481203200103.xlsx 没有工作表，跳过
[2026-05-15 17:15:18] [INFO] 未找到文件: 沟道横断面成果表_AFAE900121B00000ZACS001
[2026-05-15 17:15:18] [INFO] 未找到文件: 沟道横断面成果表_AFAE900121B00000ZACS002
[2026-05-15 17:15:18] [INFO] 未找到文件: 沟道横断面成果表_AFAE900121B00000ZACS003
[2026-05-15 17:15:18] [INFO] 未找到文件: 沟道纵断面成果表_AFAE900121B00000ZACS004
[2026-05-15 17:15:18] [INFO] 警告: 360481203200100.xlsx 没有工作表，跳过
[2026-05-15 17:15:18] [INFO] 未找到文件: 沟道横断面成果表_AFAE900128H00000ZACS001
[2026-05-15 17:15:18] [INFO] 未找到文件: 沟道横断面成果表_AFAE900128H00000ZACS002
[2026-05-15 17:15:18] [INFO] 未找到文件: 沟道横断面成果表_AFAE900128H00000ZACS003
[2026-05-15 17:15:18] [INFO] 未找到文件: 沟道纵断面成果表_AFAE900128H00000ZACS004
[2026-05-15 17:15:18] [INFO] 警告: 360481002210102.xlsx 没有工作表，跳过
[2026-05-15 17:15:18] [INFO] 未找到文件: 沟道横断面成果表_AFAE900128H00000ZACS005
[2026-05-15 17:15:18] [INFO] 未找到文件: 沟道横断面成果表_AFAE900128H00000ZACS006
[2026-05-15 17:15:18] [INFO] 未找到文件: 沟道横断面成果表_AFAE900128H00000ZACS007
[2026-05-15 17:15:18] [INFO] 未找到文件: 沟道纵断面成果表_AFAE900128H00000ZACS008
[2026-05-15 17:15:18] [INFO] 警告: 360481002209110.xlsx 没有工作表，跳过
[2026-05-15 17:15:18] [INFO] 未找到文件: 沟道横断面成果表_AFAE900122HF0000ZACS001
[2026-05-15 17:15:18] [INFO] 未找到文件: 沟道横断面成果表_AFAE900122HF0000ZACS002
[2026-05-15 17:15:18] [INFO] 未找到文件: 沟道横断面成果表_AFAE900122HF0000ZACS003
[2026-05-15 17:15:18] [INFO] 未找到文件: 沟道纵断面成果表_AFAE900122HF0000ZACS007
[2026-05-15 17:15:18] [INFO] 警告: 360421201201108.xlsx 没有工作表，跳过
[2026-05-15 17:15:18] [INFO] 未找到文件: 沟道横断面成果表_AFAE900122HF0000ZACS004
[2026-05-15 17:15:18] [INFO] 未找到文件: 沟道横断面成果表_AFAE900122HF0000ZACS005
[2026-05-15 17:15:18] [INFO] 未找到文件: 沟道横断面成果表_AFAE900122HF0000ZACS006
[2026-05-15 17:15:18] [INFO] 未找到文件: 沟道纵断面成果表_AFAE900122HF0000ZACS007
[2026-05-15 17:15:18] [INFO] 警告: 360421201201114.xlsx 没有工作表，跳过
[2026-05-15 17:15:18] [INFO] 未找到文件: 沟道横断面成果表_AFAE900122HF0000ZACS008
[2026-05-15 17:15:18] [INFO] 未找到文件: 沟道横断面成果表_AFAE900122HF0000ZACS009
[2026-05-15 17:15:18] [INFO] 未找到文件: 沟道横断面成果表_AFAE900122HF0000ZACS011
[2026-05-15 17:15:18] [INFO] 未找到文件: 沟道纵断面成果表_AFAE900122HF0000ZACS017
[2026-05-15 17:15:18] [INFO] 警告: 360421201203100.xlsx 没有工作表，跳过
[2026-05-15 17:15:18] [INFO] 未找到文件: 沟道横断面成果表_AFAE900122HF0000ZACS014
[2026-05-15 17:15:18] [INFO] 未找到文件: 沟道横断面成果表_AFAE900122HF0000ZACS015
[2026-05-15 17:15:18] [INFO] 未找到文件: 沟道横断面成果表_AFAE900122HF0000ZACS016
[2026-05-15 17:15:18] [INFO] 未找到文件: 沟道纵断面成果表_AFAE900122HF0000ZACS017
[2026-05-15 17:15:18] [INFO] 警告: 360421201203103.xlsx 没有工作表，跳过
[2026-05-15 17:15:18] [INFO] 未找到文件: 沟道横断面成果表_AFAE900122HF0000ZACS010
[2026-05-15 17:15:18] [INFO] 未找到文件: 沟道横断面成果表_AFAE900122HF0000ZACS012
[2026-05-15 17:15:18] [INFO] 未找到文件: 沟道横断面成果表_AFAE900122HF0000ZACS013
[2026-05-15 17:15:18] [INFO] 未找到文件: 沟道纵断面成果表_AFAE900122HF0000ZACS017
[2026-05-15 17:15:18] [INFO] 警告: 360421201203102.xlsx 没有工作表，跳过
[2026-05-15 17:15:18] [INFO] 复制工作表: E:\杂七杂八\trea项目\xiang\dist\成果\沟道横断面成果表_AFAE90012E000000ZBCS001.xlsx -> 360481AFAE90012E000000ZA0001.xlsx
[2026-05-15 17:15:18] [INFO] 复制工作表: E:\杂七杂八\trea项目\xiang\dist\成果\沟道横断面成果表_AFAE90012E000000ZBCS002.xlsx -> 360481AFAE90012E000000ZA0001.xlsx
[2026-05-15 17:15:18] [INFO] 未找到文件: 沟道横断面成果表_AFAE90012E000000ZBCS003
[2026-05-15 17:15:18] [INFO] 未找到文件: 沟道横断面成果表_AFAE90012E000000ZBCS006
[2026-05-15 17:15:18] [INFO] 未找到文件: 沟道横断面成果表_AFAE90012D000000ZBCS001
[2026-05-15 17:15:18] [INFO] 未找到文件: 沟道横断面成果表_AFAE90012D000000ZBCS002
[2026-05-15 17:15:18] [INFO] 未找到文件: 沟道横断面成果表_AFAE90012D000000ZBCS003
[2026-05-15 17:15:18] [INFO] 未找到文件: 沟道横断面成果表_AFAE90012D000000ZBCS004
[2026-05-15 17:15:18] [INFO] 未找到文件: 沟道横断面成果表_AFAE90012D000000ZBCS005
[2026-05-15 17:15:18] [INFO] 未找到文件: 沟道横断面成果表_AFAE90012D000000ZBCS006
[2026-05-15 17:15:18] [INFO] 已创建: 360481AFAE90012E000000ZA0001.xlsx
[2026-05-15 17:15:18] [INFO] 未找到文件: 沟道横断面成果表_AFAE90012E000000ZBCS003
[2026-05-15 17:15:18] [INFO] 复制工作表: E:\杂七杂八\trea项目\xiang\dist\成果\沟道横断面成果表_AFAE90012E000000ZBCS004.xlsx -> 360481AFAE90012E000000ZA0002.xlsx
[2026-05-15 17:15:19] [INFO] 复制工作表: E:\杂七杂八\trea项目\xiang\dist\成果\沟道横断面成果表_AFAE90012E000000ZBCS005.xlsx -> 360481AFAE90012E000000ZA0002.xlsx
[2026-05-15 17:15:19] [INFO] 未找到文件: 沟道横断面成果表_AFAE90012E000000ZBCS006
[2026-05-15 17:15:19] [INFO] 未找到文件: 沟道横断面成果表_AFAE90012D000000ZBCS001
[2026-05-15 17:15:19] [INFO] 未找到文件: 沟道横断面成果表_AFAE90012D000000ZBCS002
[2026-05-15 17:15:19] [INFO] 未找到文件: 沟道横断面成果表_AFAE90012D000000ZBCS003
[2026-05-15 17:15:19] [INFO] 未找到文件: 沟道横断面成果表_AFAE90012D000000ZBCS004
[2026-05-15 17:15:19] [INFO] 未找到文件: 沟道横断面成果表_AFAE90012D000000ZBCS005
[2026-05-15 17:15:19] [INFO] 未找到文件: 沟道横断面成果表_AFAE90012D000000ZBCS006
[2026-05-15 17:15:19] [INFO] 已创建: 360481AFAE90012E000000ZA0002.xlsx
[2026-05-15 17:15:19] [INFO] 未找到文件: 沟道横断面成果表_AFAE900121F00000ZBCS001
[2026-05-15 17:15:19] [INFO] 未找到文件: 沟道横断面成果表_AFAE900121F00000ZBCS002
[2026-05-15 17:15:19] [INFO] 未找到文件: 沟道横断面成果表_AFAE900121F00000ZBCS003
[2026-05-15 17:15:19] [INFO] 未找到文件: 沟道横断面成果表_AFAE900121F00000ZBCS004
[2026-05-15 17:15:19] [INFO] 未找到文件: 沟道横断面成果表_AFAE900121F00000ZBCS005
[2026-05-15 17:15:19] [INFO] 未找到文件: 沟道横断面成果表_AFAE900121F00000ZBCS006
[2026-05-15 17:15:19] [INFO] 未找到文件: 沟道横断面成果表_AFAE900121F00000ZBCS007
[2026-05-15 17:15:19] [INFO] 警告: 360722AFAE900121F00000ZA0001.xlsx 没有工作表，跳过
[2026-05-15 17:15:19] [INFO] 未找到文件: 沟道横断面成果表_AFAE90012C000000ZBCS001
[2026-05-15 17:15:19] [INFO] 未找到文件: 沟道横断面成果表_AFAE90012C000000ZBCS002
[2026-05-15 17:15:19] [INFO] 未找到文件: 沟道横断面成果表_AFAE90012C000000ZBCS003
[2026-05-15 17:15:19] [INFO] 未找到文件: 沟道横断面成果表_AFAE90012C000000ZBCS004
[2026-05-15 17:15:19] [INFO] 未找到文件: 沟道横断面成果表_AFAE90012C000000ZBCS005
[2026-05-15 17:15:19] [INFO] 未找到文件: 沟道横断面成果表_AFAE90012C000000ZBCS006
[2026-05-15 17:15:19] [INFO] 未找到文件: 沟道横断面成果表_AFAE90012B000000ZBCS001
[2026-05-15 17:15:19] [INFO] 复制工作表: E:\杂七杂八\trea项目\xiang\dist\成果\沟道横断面成果表_AFAE90012B000000ZBCS002.xlsx -> 360481AFAE90012C000000ZA0001.xlsx
[2026-05-15 17:15:19] [INFO] 未找到文件: 沟道横断面成果表_AFAE90012B000000ZBCS003
[2026-05-15 17:15:19] [INFO] 未找到文件: 沟道横断面成果表_AFAE90012B000000ZBCS004
[2026-05-15 17:15:19] [INFO] 复制工作表: E:\杂七杂八\trea项目\xiang\dist\成果\沟道横断面成果表_AFAE90012B000000ZBCS005.xlsx -> 360481AFAE90012C000000ZA0001.xlsx
[2026-05-15 17:15:19] [INFO] 已创建: 360481AFAE90012C000000ZA0001.xlsx
[2026-05-15 17:15:19] [INFO] 未找到文件: 沟道横断面成果表_AFAE900121E00000ZBCS001
[2026-05-15 17:15:19] [INFO] 未找到文件: 沟道横断面成果表_AFAE900121E00000ZBCS002
[2026-05-15 17:15:19] [INFO] 未找到文件: 沟道横断面成果表_AFAE900121E00000ZBCS003
[2026-05-15 17:15:19] [INFO] 未找到文件: 沟道横断面成果表_AFAE900121E00000ZBCS004
[2026-05-15 17:15:19] [INFO] 复制工作表: E:\杂七杂八\trea项目\xiang\dist\成果\沟道横断面成果表_AFAE900121E00000ZBCS005.xlsx -> 360481AFAE900121E00000ZA0001.xlsx
[2026-05-15 17:15:19] [INFO] 未找到文件: 沟道横断面成果表_AFAE900121E00000ZBCS006
[2026-05-15 17:15:19] [INFO] 已创建: 360481AFAE900121E00000ZA0001.xlsx
[2026-05-15 17:15:19] [INFO] 未找到文件: 沟道横断面成果表_AFAE90012C000000ZBCS005
[2026-05-15 17:15:19] [INFO] 未找到文件: 沟道横断面成果表_AFAE90012C000000ZBCS006
[2026-05-15 17:15:19] [INFO] 未找到文件: 沟道横断面成果表_AFAE90012C000000ZBCS007
[2026-05-15 17:15:19] [INFO] 未找到文件: 沟道横断面成果表_AFAE90012B000000ZBCS001
[2026-05-15 17:15:19] [INFO] 复制工作表: E:\杂七杂八\trea项目\xiang\dist\成果\沟道横断面成果表_AFAE90012B000000ZBCS002.xlsx -> 360481AFAE90012C000000ZA0002.xlsx
[2026-05-15 17:15:19] [INFO] 未找到文件: 沟道横断面成果表_AFAE90012B000000ZBCS003
[2026-05-15 17:15:19] [INFO] 未找到文件: 沟道横断面成果表_AFAE90012B000000ZBCS004
[2026-05-15 17:15:19] [INFO] 复制工作表: E:\杂七杂八\trea项目\xiang\dist\成果\沟道横断面成果表_AFAE90012B000000ZBCS005.xlsx -> 360481AFAE90012C000000ZA0002.xlsx
[2026-05-15 17:15:19] [INFO] 已创建: 360481AFAE90012C000000ZA0002.xlsx
[2026-05-15 17:15:19] [INFO] 未找到文件: 沟道横断面成果表_AFAE900121D00000ZBCS001
[2026-05-15 17:15:19] [INFO] 未找到文件: 沟道横断面成果表_AFAE900121D00000ZBCS002
[2026-05-15 17:15:19] [INFO] 未找到文件: 沟道横断面成果表_AFAE900121D00000ZBCS003
[2026-05-15 17:15:19] [INFO] 未找到文件: 沟道横断面成果表_AFAE900121D00000ZBCS004
[2026-05-15 17:15:19] [INFO] 未找到文件: 沟道横断面成果表_AFAE900121D00000ZBCS005
[2026-05-15 17:15:19] [INFO] 未找到文件: 沟道横断面成果表_AFAE900121D00000ZBCS006
[2026-05-15 17:15:19] [INFO] 未找到文件: 沟道横断面成果表_AFAE900121D00000ZBCS007
[2026-05-15 17:15:19] [INFO] 未找到文件: 沟道横断面成果表_AFAE900121D00000ZBCS008
[2026-05-15 17:15:19] [INFO] 未找到文件: 沟道横断面成果表_AFAE900121D00000ZBCS009
[2026-05-15 17:15:19] [INFO] 未找到文件: 沟道横断面成果表_AFAE900121D00000ZBCS010
[2026-05-15 17:15:19] [INFO] 未找到文件: 沟道横断面成果表_AFAE900121D00000ZBCS011
[2026-05-15 17:15:19] [INFO] 警告: 360481AFAE900121D00000ZA0001.xlsx 没有工作表，跳过
[2026-05-15 17:15:19] [INFO] 未找到文件: 沟道横断面成果表_AFAE900121D00000ZBCS003
[2026-05-15 17:15:19] [INFO] 未找到文件: 沟道横断面成果表_AFAE900121D00000ZBCS004
[2026-05-15 17:15:19] [INFO] 未找到文件: 沟道横断面成果表_AFAE900121D00000ZBCS005
[2026-05-15 17:15:19] [INFO] 未找到文件: 沟道横断面成果表_AFAE900121D00000ZBCS006
[2026-05-15 17:15:19] [INFO] 未找到文件: 沟道横断面成果表_AFAE900121D00000ZBCS007
[2026-05-15 17:15:19] [INFO] 未找到文件: 沟道横断面成果表_AFAE900121D00000ZBCS008
[2026-05-15 17:15:19] [INFO] 未找到文件: 沟道横断面成果表_AFAE900121D00000ZBCS009
[2026-05-15 17:15:19] [INFO] 未找到文件: 沟道横断面成果表_AFAE900121D00000ZBCS010
[2026-05-15 17:15:19] [INFO] 未找到文件: 沟道横断面成果表_AFAE900121D00000ZBCS011
[2026-05-15 17:15:19] [INFO] 警告: 360481AFAE900121D00000ZA0002.xlsx 没有工作表，跳过
[2026-05-15 17:15:19] [INFO] 未找到文件: 沟道横断面成果表_AFAE900121D00000ZBCS006
[2026-05-15 17:15:19] [INFO] 未找到文件: 沟道横断面成果表_AFAE900121D00000ZBCS007
[2026-05-15 17:15:19] [INFO] 未找到文件: 沟道横断面成果表_AFAE900121D00000ZBCS008
[2026-05-15 17:15:19] [INFO] 未找到文件: 沟道横断面成果表_AFAE900121D00000ZBCS009
[2026-05-15 17:15:19] [INFO] 未找到文件: 沟道横断面成果表_AFAE900121D00000ZBCS010
[2026-05-15 17:15:19] [INFO] 未找到文件: 沟道横断面成果表_AFAE900121D00000ZBCS011
[2026-05-15 17:15:19] [INFO] 警告: 360481AFAE900121D00000ZA0003.xlsx 没有工作表，跳过
[2026-05-15 17:15:19] [INFO] 未找到文件: 沟道横断面成果表_AFAE90012A000000ZBCS001
[2026-05-15 17:15:19] [INFO] 未找到文件: 沟道横断面成果表_AFAE90012A000000ZBCS002
[2026-05-15 17:15:19] [INFO] 未找到文件: 沟道横断面成果表_AFAE90012A000000ZBCS003
[2026-05-15 17:15:19] [INFO] 复制工作表: E:\杂七杂八\trea项目\xiang\dist\成果\沟道横断面成果表_AFAE90012A000000ZBCS004.xlsx -> 360481AFAE90012A000000ZA0001.xlsx
[2026-05-15 17:15:19] [INFO] 未找到文件: 沟道横断面成果表_AFAE90012A000000ZBCS005
[2026-05-15 17:15:19] [INFO] 未找到文件: 沟道横断面成果表_AFAE90012A000000ZBCS006
[2026-05-15 17:15:19] [INFO] 未找到文件: 沟道横断面成果表_AFAE90012A000000ZBCS008
[2026-05-15 17:15:19] [INFO] 未找到文件: 沟道横断面成果表_AFAE90012A000000ZBCS009
[2026-05-15 17:15:19] [INFO] 未找到文件: 沟道横断面成果表_AFAE90012A000000ZBCS010
[2026-05-15 17:15:19] [INFO] 已创建: 360481AFAE90012A000000ZA0001.xlsx
[2026-05-15 17:15:19] [INFO] 未找到文件: 沟道横断面成果表_AFAE90012A000000ZBCS005
[2026-05-15 17:15:19] [INFO] 未找到文件: 沟道横断面成果表_AFAE90012A000000ZBCS006
[2026-05-15 17:15:19] [INFO] 未找到文件: 沟道横断面成果表_AFAE90012A000000ZBCS007
[2026-05-15 17:15:19] [INFO] 未找到文件: 沟道横断面成果表_AFAE90012A000000ZBCS008
[2026-05-15 17:15:19] [INFO] 未找到文件: 沟道横断面成果表_AFAE90012A000000ZBCS009
[2026-05-15 17:15:19] [INFO] 未找到文件: 沟道横断面成果表_AFAE90012A000000ZBCS010
[2026-05-15 17:15:19] [INFO] 未找到文件: 沟道横断面成果表_AFAE90012A000000ZBCS014
[2026-05-15 17:15:19] [INFO] 未找到文件: 沟道横断面成果表_AFAE900129000000ZBCS001
[2026-05-15 17:15:19] [INFO] 警告: 360481AFAE90012A000000ZA0003.xlsx 没有工作表，跳过
[2026-05-15 17:15:19] [INFO] 未找到文件: 沟道横断面成果表_AFAE90012A000000ZBCS012
[2026-05-15 17:15:19] [INFO] 未找到文件: 沟道横断面成果表_AFAE90012A000000ZBCS013
[2026-05-15 17:15:19] [INFO] 未找到文件: 沟道横断面成果表_AFAE90012A000000ZBCS014
[2026-05-15 17:15:19] [INFO] 未找到文件: 沟道横断面成果表_AFAE900129000000ZBCS001
[2026-05-15 17:15:19] [INFO] 未找到文件: 沟道横断面成果表_AFAE900121B00000ZBCS001
[2026-05-15 17:15:19] [INFO] 未找到文件: 沟道横断面成果表_AFAE900121B00000ZBCS002
[2026-05-15 17:15:19] [INFO] 未找到文件: 沟道横断面成果表_AFAE900121B00000ZBCS003
[2026-05-15 17:15:19] [INFO] 未找到文件: 沟道横断面成果表_AFAE900121B00000ZBCS004
[2026-05-15 17:15:19] [INFO] 未找到文件: 沟道横断面成果表_AFAE900121B00000ZBCS005
[2026-05-15 17:15:19] [INFO] 警告: 360481AFAE90012A000000ZA0004.xlsx 没有工作表，跳过
[2026-05-15 17:15:19] [INFO] 未找到文件: 沟道横断面成果表_AFAE900121B00000ZBCS001
[2026-05-15 17:15:19] [INFO] 未找到文件: 沟道横断面成果表_AFAE900121B00000ZBCS002
[2026-05-15 17:15:19] [INFO] 未找到文件: 沟道横断面成果表_AFAE900121B00000ZBCS003
[2026-05-15 17:15:19] [INFO] 未找到文件: 沟道横断面成果表_AFAE900121B00000ZBCS004
[2026-05-15 17:15:19] [INFO] 未找到文件: 沟道横断面成果表_AFAE900121B00000ZBCS005
[2026-05-15 17:15:19] [INFO] 警告: 360481AFAE900121B00000ZA0001.xlsx 没有工作表，跳过
[2026-05-15 17:15:19] [INFO] 未找到文件: 沟道横断面成果表_AFAE900128H00000ZBCS001
[2026-05-15 17:15:19] [INFO] 未找到文件: 沟道横断面成果表_AFAE900128H00000ZBCS002
[2026-05-15 17:15:19] [INFO] 未找到文件: 沟道横断面成果表_AFAE900128H00000ZBCS003
[2026-05-15 17:15:19] [INFO] 未找到文件: 沟道横断面成果表_AFAE900128H00000ZBCS004
[2026-05-15 17:15:19] [INFO] 未找到文件: 沟道横断面成果表_AFAE900128H00000ZBCS005
[2026-05-15 17:15:19] [INFO] 未找到文件: 沟道横断面成果表_AFAE900128H00000ZBCS006
[2026-05-15 17:15:19] [INFO] 未找到文件: 沟道横断面成果表_AFAE900128H00000ZBCS008
[2026-05-15 17:15:19] [INFO] 未找到文件: 沟道横断面成果表_AFAE900128H00000ZBCS009
[2026-05-15 17:15:19] [INFO] 未找到文件: 沟道横断面成果表_AFAE900128H00000ZBCS010
[2026-05-15 17:15:19] [INFO] 未找到文件: 沟道横断面成果表_AFAE900128H00000ZBCS011
[2026-05-15 17:15:19] [INFO] 未找到文件: 沟道横断面成果表_AFAE900128H00000ZBCS012
[2026-05-15 17:15:19] [INFO] 警告: 360481AFAE900128H00000ZA0001.xlsx 没有工作表，跳过
[2026-05-15 17:15:19] [INFO] 未找到文件: 沟道横断面成果表_AFAE900128H00000ZBCS007
[2026-05-15 17:15:19] [INFO] 未找到文件: 沟道横断面成果表_AFAE900128H00000ZBCS008
[2026-05-15 17:15:19] [INFO] 未找到文件: 沟道横断面成果表_AFAE900128H00000ZBCS009
[2026-05-15 17:15:19] [INFO] 未找到文件: 沟道横断面成果表_AFAE900128H00000ZBCS010
[2026-05-15 17:15:19] [INFO] 未找到文件: 沟道横断面成果表_AFAE900128H00000ZBCS011
[2026-05-15 17:15:19] [INFO] 未找到文件: 沟道横断面成果表_AFAE900128H00000ZBCS012
[2026-05-15 17:15:19] [INFO] 警告: 360481AFAE900128H00000ZA0002.xlsx 没有工作表，跳过
[2026-05-15 17:15:19] [INFO] 未找到文件: 沟道横断面成果表_AFAE900122HF0000ZBCS001
[2026-05-15 17:15:19] [INFO] 未找到文件: 沟道横断面成果表_AFAE900122HF0000ZBCS002
[2026-05-15 17:15:19] [INFO] 未找到文件: 沟道横断面成果表_AFAE900122HF0000ZBCS003
[2026-05-15 17:15:19] [INFO] 未找到文件: 沟道横断面成果表_AFAE900122HF0000ZBCS004
[2026-05-15 17:15:19] [INFO] 警告: 360421AFAE900122HF0000ZA0001.xlsx 没有工作表，跳过
[2026-05-15 17:15:19] [INFO] 未找到文件: 沟道横断面成果表_AFAE900122HF0000ZBCS005
[2026-05-15 17:15:19] [INFO] 未找到文件: 沟道横断面成果表_AFAE900122HF0000ZBCS006
[2026-05-15 17:15:19] [INFO] 未找到文件: 沟道横断面成果表_AFAE900122HF0000ZBCS007
[2026-05-15 17:15:19] [INFO] 未找到文件: 沟道横断面成果表_AFAE900122HF0000ZBCS008
[2026-05-15 17:15:19] [INFO] 未找到文件: 沟道横断面成果表_AFAE900122HF0000ZBCS011
[2026-05-15 17:15:19] [INFO] 未找到文件: 沟道横断面成果表_AFAE900122HF0000ZBCS012
[2026-05-15 17:15:19] [INFO] 警告: 360421AFAE900122HF0000ZA0002.xlsx 没有工作表，跳过
[2026-05-15 17:15:19] [INFO] 未找到文件: 沟道横断面成果表_AFAE900122HF0000ZBCS009
[2026-05-15 17:15:19] [INFO] 未找到文件: 沟道横断面成果表_AFAE900122HF0000ZBCS010
[2026-05-15 17:15:19] [INFO] 未找到文件: 沟道横断面成果表_AFAE900122HF0000ZBCS011
[2026-05-15 17:15:19] [INFO] 未找到文件: 沟道横断面成果表_AFAE900122HF0000ZBCS012
[2026-05-15 17:15:19] [INFO] 未找到文件: 沟道横断面成果表_AFAE900122HF0000ZBCS013
[2026-05-15 17:15:19] [INFO] 警告: 360421AFAE900122HF0000ZA0003.xlsx 没有工作表，跳过
[2026-05-15 17:15:19] [INFO] 未找到文件: 沟道横断面成果表_AFAE900122HF0000ZBCS014
[2026-05-15 17:15:19] [INFO] 未找到文件: 沟道横断面成果表_AFAE900122HF0000ZBCS015
[2026-05-15 17:15:19] [INFO] 未找到文件: 沟道横断面成果表_AFAE900122HF0000ZBCS016
[2026-05-15 17:15:19] [INFO] 未找到文件: 沟道横断面成果表_AFAE900122HF0000ZBCS017
[2026-05-15 17:15:19] [INFO] 未找到文件: 沟道横断面成果表_AFAE900122HF0000ZBCS018
[2026-05-15 17:15:19] [INFO] 警告: 360421AFAE900122HF0000ZA0004.xlsx 没有工作表，跳过
[2026-05-15 17:15:19] [INFO] 未找到文件: 沟道横断面成果表_AFAE900122HF0000ZBCS019
[2026-05-15 17:15:19] [INFO] 未找到文件: 沟道横断面成果表_AFAE900122HF0000ZBCS020
[2026-05-15 17:15:19] [INFO] 未找到文件: 沟道横断面成果表_AFAE900122HF0000ZBCS021
[2026-05-15 17:15:19] [INFO] 未找到文件: 沟道横断面成果表_AFAE900122HF0000ZBCS022
[2026-05-15 17:15:19] [INFO] 警告: 360421AFAE900122HF0000ZA0005.xlsx 没有工作表，跳过
[2026-05-15 17:15:19] [INFO] ===== 合并完成 =====
[2026-05-15 17:16:59] [INFO] 找到对应表: E:\杂七杂八\trea项目\xiang\dist\模板\对应表.XLSX
[2026-05-15 17:16:59] [INFO] ===== 开始整理 E:\杂七杂八\trea项目\xiang\dist\成果 =====
[2026-05-15 17:16:59] [INFO] 工作表数量: 6
[2026-05-15 17:16:59] [INFO] 正在处理Sheet4
[2026-05-15 17:16:59] [INFO] 一级文件夹: '防治对象'
[2026-05-15 17:16:59] [INFO] 创建一级文件夹: E:\杂七杂八\trea项目\xiang\dist\成果\防治对象
[2026-05-15 17:16:59] [INFO] 创建二级文件夹: E:\杂七杂八\trea项目\xiang\dist\成果\防治对象\测量表
[2026-05-15 17:16:59] [INFO] 创建二级文件夹: E:\杂七杂八\trea项目\xiang\dist\成果\防治对象\断面成图
[2026-05-15 17:16:59] [INFO] 总列数: 21
[2026-05-15 17:16:59] [INFO] 第1列: 二级='测量表', 三级='360481002211103_桂林村桂林桥01'
[2026-05-15 17:16:59] [INFO] 创建三级文件夹: E:\杂七杂八\trea项目\xiang\dist\成果\防治对象\测量表\360481002211103_桂林村桂林桥01
[2026-05-15 17:16:59] [INFO] 第1列文件数量: 5
[2026-05-15 17:16:59] [INFO] 复制文件: E:\杂七杂八\trea项目\xiang\dist\成果\沟道横断面成果表_AFAE900121F00000ZACS001.xlsx -> E:\杂七杂八\trea项目\xiang\dist\成果\防治对象\测量表\360481002211103_桂林村桂林桥01\沟道横断面成果表_AFAE900121F00000ZACS001.xlsx
[2026-05-15 17:16:59] [INFO] 复制文件: E:\杂七杂八\trea项目\xiang\dist\成果\沟道横断面成果表_AFAE90012E000000ZACS001.xlsx -> E:\杂七杂八\trea项目\xiang\dist\成果\防治对象\测量表\360481002211103_桂林村桂林桥01\沟道横断面成果表_AFAE90012E000000ZACS001.xlsx
[2026-05-15 17:16:59] [INFO] 复制文件: E:\杂七杂八\trea项目\xiang\dist\成果\沟道横断面成果表_AFAE90012E000000ZACS002.xlsx -> E:\杂七杂八\trea项目\xiang\dist\成果\防治对象\测量表\360481002211103_桂林村桂林桥01\沟道横断面成果表_AFAE90012E000000ZACS002.xlsx
[2026-05-15 17:16:59] [INFO] 复制文件: E:\杂七杂八\trea项目\xiang\dist\成果\沟道纵断面成果表_AFAE900121F00000ZACS003.xlsx -> E:\杂七杂八\trea项目\xiang\dist\成果\防治对象\测量表\360481002211103_桂林村桂林桥01\沟道纵断面成果表_AFAE900121F00000ZACS003.xlsx
[2026-05-15 17:16:59] [INFO] 复制文件: E:\杂七杂八\trea项目\xiang\dist\成果\沟道纵断面成果表_AFAE90012D000000ZACS002.xlsx -> E:\杂七杂八\trea项目\xiang\dist\成果\防治对象\测量表\360481002211103_桂林村桂林桥01\沟道纵断面成果表_AFAE90012D000000ZACS002.xlsx
[2026-05-15 17:16:59] [INFO] 第2列: 二级='断面成图', 三级='360481002211113_桂林村桂林桥02'
[2026-05-15 17:16:59] [INFO] 创建三级文件夹: E:\杂七杂八\trea项目\xiang\dist\成果\防治对象\断面成图\360481002211113_桂林村桂林桥02
[2026-05-15 17:16:59] [INFO] 第2列文件数量: 4
[2026-05-15 17:16:59] [INFO] 复制文件: E:\杂七杂八\trea项目\xiang\dist\成果\沟道横断面成果表_AFAE90012D000000ZACS001.xlsx -> E:\杂七杂八\trea项目\xiang\dist\成果\防治对象\断面成图\360481002211113_桂林村桂林桥02\沟道横断面成果表_AFAE90012D000000ZACS001.xlsx
[2026-05-15 17:16:59] [INFO] 复制文件: E:\杂七杂八\trea项目\xiang\dist\成果\沟道横断面成果表_AFAE90012E000000ZACS001.xlsx -> E:\杂七杂八\trea项目\xiang\dist\成果\防治对象\断面成图\360481002211113_桂林村桂林桥02\沟道横断面成果表_AFAE90012E000000ZACS001.xlsx
[2026-05-15 17:16:59] [INFO] 复制文件: E:\杂七杂八\trea项目\xiang\dist\成果\沟道横断面成果表_AFAE90012E000000ZACS002.xlsx -> E:\杂七杂八\trea项目\xiang\dist\成果\防治对象\断面成图\360481002211113_桂林村桂林桥02\沟道横断面成果表_AFAE90012E000000ZACS002.xlsx
[2026-05-15 17:16:59] [INFO] 复制文件: E:\杂七杂八\trea项目\xiang\dist\成果\沟道纵断面成果表_AFAE90012D000000ZACS002.xlsx -> E:\杂七杂八\trea项目\xiang\dist\成果\防治对象\断面成图\360481002211113_桂林村桂林桥02\沟道纵断面成果表_AFAE90012D000000ZACS002.xlsx
[2026-05-15 17:16:59] [INFO] 已存在: 沟道横断面成果表_AFAE90012E000000ZACS001.xlsx 在 E:\杂七杂八\trea项目\xiang\dist\成果\防治对象\断面成图\360481002211113_桂林村桂林桥02
[2026-05-15 17:16:59] [INFO] 已存在: 沟道横断面成果表_AFAE90012E000000ZACS002.xlsx 在 E:\杂七杂八\trea项目\xiang\dist\成果\防治对象\断面成图\360481002211113_桂林村桂林桥02
[2026-05-15 17:16:59] [INFO] 已存在: 沟道纵断面成果表_AFAE90012D000000ZACS002.xlsx 在 E:\杂七杂八\trea项目\xiang\dist\成果\防治对象\断面成图\360481002211113_桂林村桂林桥02
[2026-05-15 17:16:59] [INFO] 第3列: 二级='', 三级='360481002211123_桂林村桂林桥03'
[2026-05-15 17:16:59] [INFO] 警告: 第3列文件夹信息不完整，跳过
[2026-05-15 17:16:59] [INFO] 第4列: 二级='', 三级='360481106207101_永兴村堰边朱'
[2026-05-15 17:16:59] [INFO] 警告: 第4列文件夹信息不完整，跳过
[2026-05-15 17:16:59] [INFO] 第5列: 二级='', 三级='360481106207100_永兴村楼下朱'
[2026-05-15 17:16:59] [INFO] 警告: 第5列文件夹信息不完整，跳过
[2026-05-15 17:16:59] [INFO] 第6列: 二级='', 三级='360481106202127_乐丰村范湾'
[2026-05-15 17:16:59] [INFO] 警告: 第6列文件夹信息不完整，跳过
[2026-05-15 17:16:59] [INFO] 第7列: 二级='', 三级='360481106200106_永丰村老屋陈家'
[2026-05-15 17:16:59] [INFO] 警告: 第7列文件夹信息不完整，跳过
[2026-05-15 17:16:59] [INFO] 第8列: 二级='', 三级='360481106200105_永丰村黄家'
[2026-05-15 17:16:59] [INFO] 警告: 第8列文件夹信息不完整，跳过
[2026-05-15 17:16:59] [INFO] 第9列: 二级='', 三级='360481106205101_铺头村龚湾外屋'
[2026-05-15 17:16:59] [INFO] 警告: 第9列文件夹信息不完整，跳过
[2026-05-15 17:16:59] [INFO] 第10列: 二级='', 三级='360481106205112_铺头村邓家坝'
[2026-05-15 17:16:59] [INFO] 警告: 第10列文件夹信息不完整，跳过
[2026-05-15 17:16:59] [INFO] 第11列: 二级='', 三级='360481106205110_铺头村大屋李'
[2026-05-15 17:16:59] [INFO] 警告: 第11列文件夹信息不完整，跳过
[2026-05-15 17:16:59] [INFO] 第12列: 二级='', 三级='360481106205107_铺头何家'
[2026-05-15 17:16:59] [INFO] 警告: 第12列文件夹信息不完整，跳过
[2026-05-15 17:16:59] [INFO] 第13列: 二级='', 三级='360481203200103_张家铺村瓜坑'
[2026-05-15 17:16:59] [INFO] 警告: 第13列文件夹信息不完整，跳过
[2026-05-15 17:16:59] [INFO] 第14列: 二级='', 三级='360481203200100_张家铺村桐林坂'
[2026-05-15 17:16:59] [INFO] 警告: 第14列文件夹信息不完整，跳过
[2026-05-15 17:16:59] [INFO] 第15列: 二级='', 三级='360481002210102_光明村坎下詹家'
[2026-05-15 17:16:59] [INFO] 警告: 第15列文件夹信息不完整，跳过
[2026-05-15 17:16:59] [INFO] 第16列: 二级='', 三级='360481002209110_常丰村下汪村'
[2026-05-15 17:16:59] [INFO] 警告: 第16列文件夹信息不完整，跳过
[2026-05-15 17:16:59] [INFO] 第17列: 二级='', 三级='360421201201108_黄洞村帐山新屋'
[2026-05-15 17:16:59] [INFO] 警告: 第17列文件夹信息不完整，跳过
[2026-05-15 17:16:59] [INFO] 第18列: 二级='', 三级='360421201201114_黄洞村寺门口'
[2026-05-15 17:16:59] [INFO] 警告: 第18列文件夹信息不完整，跳过
[2026-05-15 17:16:59] [INFO] 第19列: 二级='', 三级='360421201203100_涌泉村文家坝'
[2026-05-15 17:16:59] [INFO] 警告: 第19列文件夹信息不完整，跳过
[2026-05-15 17:16:59] [INFO] 第20列: 二级='', 三级='360421201203103_涌泉村大坪黄家'
[2026-05-15 17:16:59] [INFO] 警告: 第20列文件夹信息不完整，跳过
[2026-05-15 17:16:59] [INFO] 第21列: 二级='', 三级='360421201203102_涌泉村涌泉洞'
[2026-05-15 17:16:59] [INFO] 警告: 第21列文件夹信息不完整，跳过
[2026-05-15 17:16:59] [INFO] 正在处理Sheet5
[2026-05-15 17:16:59] [INFO] 一级文件夹: '跨沟道路和桥涵'
[2026-05-15 17:16:59] [INFO] 创建一级文件夹: E:\杂七杂八\trea项目\xiang\dist\成果\跨沟道路和桥涵
[2026-05-15 17:16:59] [INFO] 创建二级文件夹: E:\杂七杂八\trea项目\xiang\dist\成果\跨沟道路和桥涵\测量表
[2026-05-15 17:16:59] [INFO] 创建二级文件夹: E:\杂七杂八\trea项目\xiang\dist\成果\跨沟道路和桥涵\断面成图
[2026-05-15 17:16:59] [INFO] 总列数: 20
[2026-05-15 17:16:59] [INFO] 第1列: 二级='测量表', 三级='360481AFAE90012E000000ZA0001_桂林二桥'
[2026-05-15 17:16:59] [INFO] 创建三级文件夹: E:\杂七杂八\trea项目\xiang\dist\成果\跨沟道路和桥涵\测量表\360481AFAE90012E000000ZA0001_桂林二桥
[2026-05-15 17:16:59] [INFO] 第1列文件数量: 10
[2026-05-15 17:16:59] [INFO] 复制文件: E:\杂七杂八\trea项目\xiang\dist\成果\沟道横断面成果表_AFAE90012E000000ZBCS001.xlsx -> E:\杂七杂八\trea项目\xiang\dist\成果\跨沟道路和桥涵\测量表\360481AFAE90012E000000ZA0001_桂林二桥\沟道横断面成果表_AFAE90012E000000ZBCS001.xlsx
[2026-05-15 17:16:59] [INFO] 复制文件: E:\杂七杂八\trea项目\xiang\dist\成果\沟道横断面成果表_AFAE90012E000000ZBCS002.xlsx -> E:\杂七杂八\trea项目\xiang\dist\成果\跨沟道路和桥涵\测量表\360481AFAE90012E000000ZA0001_桂林二桥\沟道横断面成果表_AFAE90012E000000ZBCS002.xlsx
[2026-05-15 17:16:59] [INFO] 第2列: 二级='断面成图', 三级='360481AFAE90012E000000ZA0002_桂林大桥'
[2026-05-15 17:16:59] [INFO] 创建三级文件夹: E:\杂七杂八\trea项目\xiang\dist\成果\跨沟道路和桥涵\断面成图\360481AFAE90012E000000ZA0002_桂林大桥
[2026-05-15 17:16:59] [INFO] 第2列文件数量: 10
[2026-05-15 17:16:59] [INFO] 复制文件: E:\杂七杂八\trea项目\xiang\dist\成果\沟道横断面成果表_AFAE90012E000000ZBCS004.xlsx -> E:\杂七杂八\trea项目\xiang\dist\成果\跨沟道路和桥涵\断面成图\360481AFAE90012E000000ZA0002_桂林大桥\沟道横断面成果表_AFAE90012E000000ZBCS004.xlsx
[2026-05-15 17:16:59] [INFO] 复制文件: E:\杂七杂八\trea项目\xiang\dist\成果\沟道横断面成果表_AFAE90012E000000ZBCS005.xlsx -> E:\杂七杂八\trea项目\xiang\dist\成果\跨沟道路和桥涵\断面成图\360481AFAE90012E000000ZA0002_桂林大桥\沟道横断面成果表_AFAE90012E000000ZBCS005.xlsx
[2026-05-15 17:16:59] [INFO] 第3列: 二级='', 三级='360722AFAE900121F00000ZA0001_立新二桥'
[2026-05-15 17:16:59] [INFO] 警告: 第3列文件夹信息不完整，跳过
[2026-05-15 17:16:59] [INFO] 第4列: 二级='', 三级='360481AFAE90012C000000ZA0001_双丰桥'
[2026-05-15 17:16:59] [INFO] 警告: 第4列文件夹信息不完整，跳过
[2026-05-15 17:16:59] [INFO] 第5列: 二级='', 三级='360481AFAE900121E00000ZA0001_堰边朱桥'
[2026-05-15 17:16:59] [INFO] 警告: 第5列文件夹信息不完整，跳过
[2026-05-15 17:16:59] [INFO] 第6列: 二级='', 三级='360481AFAE90012C000000ZA0002_王家冲新桥'
[2026-05-15 17:16:59] [INFO] 警告: 第6列文件夹信息不完整，跳过
[2026-05-15 17:16:59] [INFO] 第7列: 二级='', 三级='360481AFAE900121D00000ZA0001_高丰中桥'
[2026-05-15 17:16:59] [INFO] 警告: 第7列文件夹信息不完整，跳过
[2026-05-15 17:16:59] [INFO] 第8列: 二级='', 三级='360481AFAE900121D00000ZA0002_老屋陈村桥02'
[2026-05-15 17:16:59] [INFO] 警告: 第8列文件夹信息不完整，跳过
[2026-05-15 17:16:59] [INFO] 第9列: 二级='', 三级='360481AFAE900121D00000ZA0003_老屋陈村桥'
[2026-05-15 17:16:59] [INFO] 警告: 第9列文件夹信息不完整，跳过
[2026-05-15 17:16:59] [INFO] 第10列: 二级='', 三级='360481AFAE90012A000000ZA0001_邓家坝桥'
[2026-05-15 17:16:59] [INFO] 警告: 第10列文件夹信息不完整，跳过
[2026-05-15 17:16:59] [INFO] 第11列: 二级='', 三级='360481AFAE90012A000000ZA0003_铺头村桥'
[2026-05-15 17:16:59] [INFO] 警告: 第11列文件夹信息不完整，跳过
[2026-05-15 17:16:59] [INFO] 第12列: 二级='', 三级='360481AFAE90012A000000ZA0004_铺头老桥'
[2026-05-15 17:16:59] [INFO] 警告: 第12列文件夹信息不完整，跳过
[2026-05-15 17:16:59] [INFO] 第13列: 二级='', 三级='360481AFAE900121B00000ZA0001_瓜坑大桥'
[2026-05-15 17:16:59] [INFO] 警告: 第13列文件夹信息不完整，跳过
[2026-05-15 17:16:59] [INFO] 第14列: 二级='', 三级='360481AFAE900128H00000ZA0001_登业大桥'
[2026-05-15 17:16:59] [INFO] 警告: 第14列文件夹信息不完整，跳过
[2026-05-15 17:16:59] [INFO] 第15列: 二级='', 三级='360481AFAE900128H00000ZA0002_三联村桥'
[2026-05-15 17:16:59] [INFO] 警告: 第15列文件夹信息不完整，跳过
[2026-05-15 17:16:59] [INFO] 第16列: 二级='', 三级='360421AFAE900122HF0000ZA0001_底下何家村桥'
[2026-05-15 17:16:59] [INFO] 警告: 第16列文件夹信息不完整，跳过
[2026-05-15 17:16:59] [INFO] 第17列: 二级='', 三级='360421AFAE900122HF0000ZA0002_吴家桥'
[2026-05-15 17:16:59] [INFO] 警告: 第17列文件夹信息不完整，跳过
[2026-05-15 17:16:59] [INFO] 第18列: 二级='', 三级='360421AFAE900122HF0000ZA0003_胡家桥'
[2026-05-15 17:16:59] [INFO] 警告: 第18列文件夹信息不完整，跳过
[2026-05-15 17:16:59] [INFO] 第19列: 二级='', 三级='360421AFAE900122HF0000ZA0004_文家坝桥'
[2026-05-15 17:16:59] [INFO] 警告: 第19列文件夹信息不完整，跳过
[2026-05-15 17:16:59] [INFO] 第20列: 二级='', 三级='360421AFAE900122HF0000ZA0005_涌泉村桥'
[2026-05-15 17:16:59] [INFO] 警告: 第20列文件夹信息不完整，跳过
[2026-05-15 17:16:59] [INFO] ===== 整理完成 =====
[2026-05-15 17:16:59] [INFO] ===== 开始合并 E:\杂七杂八\trea项目\xiang\dist\成果 =====
[2026-05-15 17:16:59] [INFO] 复制工作表: E:\杂七杂八\trea项目\xiang\dist\成果\AFAE90012E000000ZACS001.xlsx -> 360481002211103.xlsx
[2026-05-15 17:16:59] [INFO] 复制工作表: E:\杂七杂八\trea项目\xiang\dist\成果\AFAE90012E000000ZACS002.xlsx -> 360481002211103.xlsx
[2026-05-15 17:17:00] [INFO] 复制工作表: E:\杂七杂八\trea项目\xiang\dist\成果\AFAE900121F00000ZACS001.xlsx -> 360481002211103.xlsx
[2026-05-15 17:17:00] [INFO] 复制工作表: E:\杂七杂八\trea项目\xiang\dist\成果\AFAE90012D000000ZACS002.xlsx -> 360481002211103.xlsx
[2026-05-15 17:17:01] [INFO] 复制工作表: E:\杂七杂八\trea项目\xiang\dist\成果\AFAE900121F00000ZACS003.xlsx -> 360481002211103.xlsx
[2026-05-15 17:17:01] [INFO] 已创建: 360481002211103.xlsx
[2026-05-15 17:17:01] [INFO] 复制工作表: E:\杂七杂八\trea项目\xiang\dist\成果\AFAE90012E000000ZACS001.xlsx -> 360481002211113.xlsx
[2026-05-15 17:17:02] [INFO] 复制工作表: E:\杂七杂八\trea项目\xiang\dist\成果\AFAE90012E000000ZACS002.xlsx -> 360481002211113.xlsx
[2026-05-15 17:17:02] [INFO] 复制工作表: E:\杂七杂八\trea项目\xiang\dist\成果\AFAE90012D000000ZACS001.xlsx -> 360481002211113.xlsx
[2026-05-15 17:17:03] [INFO] 复制工作表: E:\杂七杂八\trea项目\xiang\dist\成果\AFAE90012D000000ZACS002.xlsx -> 360481002211113.xlsx
[2026-05-15 17:17:03] [INFO] 已创建: 360481002211113.xlsx
[2026-05-15 17:17:03] [INFO] 未找到文件: AFAE90012E000000ZACS003
[2026-05-15 17:17:03] [INFO] 复制工作表: E:\杂七杂八\trea项目\xiang\dist\成果\AFAE900121F00000ZACS001.xlsx -> 360481002211123.xlsx
[2026-05-15 17:17:04] [INFO] 复制工作表: E:\杂七杂八\trea项目\xiang\dist\成果\AFAE900121F00000ZACS002.xlsx -> 360481002211123.xlsx
[2026-05-15 17:17:04] [INFO] 复制工作表: E:\杂七杂八\trea项目\xiang\dist\成果\AFAE900121F00000ZACS003.xlsx -> 360481002211123.xlsx
[2026-05-15 17:17:05] [INFO] 复制工作表: E:\杂七杂八\trea项目\xiang\dist\成果\AFAE90012D000000ZACS002.xlsx -> 360481002211123.xlsx
[2026-05-15 17:17:05] [INFO] 已创建: 360481002211123.xlsx
[2026-05-15 17:17:05] [INFO] 未找到文件: AFAE90012C000000ZACS001
[2026-05-15 17:17:05] [INFO] 未找到文件: AFAE90012C000000ZACS002
[2026-05-15 17:17:05] [INFO] 未找到文件: AFAE90012C000000ZACS003
[2026-05-15 17:17:05] [INFO] 未找到文件: AFAE90012B000000ZACS002
[2026-05-15 17:17:05] [INFO] 未找到文件: AFAE900121E00000ZACS001
[2026-05-15 17:17:05] [INFO] 未找到文件: AFAE900121E00000ZACS002
[2026-05-15 17:17:05] [INFO] 未找到文件: AFAE900121E00000ZACS003
[2026-05-15 17:17:05] [INFO] 未找到文件: AFAE900121E00000ZACS004
[2026-05-15 17:17:05] [INFO] 警告: 360481106207101.xlsx 没有工作表，跳过
[2026-05-15 17:17:05] [INFO] 未找到文件: AFAE90012C000000ZACS004
[2026-05-15 17:17:05] [INFO] 未找到文件: AFAE90012C000000ZACS005
[2026-05-15 17:17:05] [INFO] 未找到文件: AFAE90012C000000ZACS006
[2026-05-15 17:17:05] [INFO] 未找到文件: AFAE90012B000000ZACS002
[2026-05-15 17:17:05] [INFO] 警告: 360481106207100.xlsx 没有工作表，跳过
[2026-05-15 17:17:05] [INFO] 未找到文件: AFAE90012C000000ZACS007
[2026-05-15 17:17:05] [INFO] 未找到文件: AFAE90012C000000ZACS008
[2026-05-15 17:17:05] [INFO] 未找到文件: AFAE90012B000000ZACS001
[2026-05-15 17:17:05] [INFO] 未找到文件: AFAE90012B000000ZACS002
[2026-05-15 17:17:05] [INFO] 警告: 360481106202127.xlsx 没有工作表，跳过
[2026-05-15 17:17:05] [INFO] 未找到文件: AFAE900121D00000ZACS001
[2026-05-15 17:17:05] [INFO] 未找到文件: AFAE900121D00000ZACS002
[2026-05-15 17:17:05] [INFO] 未找到文件: AFAE900121D00000ZACS003
[2026-05-15 17:17:05] [INFO] 未找到文件: AFAE900121D00000ZACS004
[2026-05-15 17:17:05] [INFO] 警告: 360481106200106.xlsx 没有工作表，跳过
[2026-05-15 17:17:05] [INFO] 未找到文件: AFAE900121D00000ZACS001
[2026-05-15 17:17:05] [INFO] 未找到文件: AFAE900121D00000ZACS002
[2026-05-15 17:17:05] [INFO] 未找到文件: AFAE900121D00000ZACS003
[2026-05-15 17:17:05] [INFO] 未找到文件: AFAE900121D00000ZACS004
[2026-05-15 17:17:05] [INFO] 警告: 360481106200105.xlsx 没有工作表，跳过
[2026-05-15 17:17:05] [INFO] 未找到文件: AFAE90012A000000ZACS001
[2026-05-15 17:17:05] [INFO] 未找到文件: AFAE90012A000000ZACS002
[2026-05-15 17:17:05] [INFO] 未找到文件: AFAE90012A000000ZACS003
[2026-05-15 17:17:05] [INFO] 未找到文件: AFAE90012A000000ZACS004
[2026-05-15 17:17:05] [INFO] 警告: 360481106205101.xlsx 没有工作表，跳过
[2026-05-15 17:17:05] [INFO] 未找到文件: AFAE90012A000000ZACS001
[2026-05-15 17:17:05] [INFO] 未找到文件: AFAE90012A000000ZACS002
[2026-05-15 17:17:05] [INFO] 未找到文件: AFAE90012A000000ZACS003
[2026-05-15 17:17:05] [INFO] 未找到文件: AFAE90012A000000ZACS004
[2026-05-15 17:17:05] [INFO] 警告: 360481106205112.xlsx 没有工作表，跳过
[2026-05-15 17:17:05] [INFO] 未找到文件: AFAE90012A000000ZACS005
[2026-05-15 17:17:05] [INFO] 未找到文件: AFAE90012A000000ZACS006
[2026-05-15 17:17:05] [INFO] 未找到文件: AFAE90012A000000ZACS007
[2026-05-15 17:17:05] [INFO] 未找到文件: AFAE90012A000000ZACS008
[2026-05-15 17:17:05] [INFO] 警告: 360481106205110.xlsx 没有工作表，跳过
[2026-05-15 17:17:05] [INFO] 未找到文件: AFAE90012A000000ZACS009
[2026-05-15 17:17:05] [INFO] 未找到文件: AFAE90012A000000ZACS010
[2026-05-15 17:17:05] [INFO] 未找到文件: AFAE90012A000000ZACS011
[2026-05-15 17:17:05] [INFO] 未找到文件: AFAE90012A000000ZACS012
[2026-05-15 17:17:05] [INFO] 警告: 360481106205107.xlsx 没有工作表，跳过
[2026-05-15 17:17:05] [INFO] 未找到文件: AFAE900121B00000ZACS001
[2026-05-15 17:17:05] [INFO] 未找到文件: AFAE900121B00000ZACS002
[2026-05-15 17:17:05] [INFO] 未找到文件: AFAE900121B00000ZACS003
[2026-05-15 17:17:05] [INFO] 未找到文件: AFAE900121B00000ZACS004
[2026-05-15 17:17:05] [INFO] 警告: 360481203200103.xlsx 没有工作表，跳过
[2026-05-15 17:17:05] [INFO] 未找到文件: AFAE900121B00000ZACS001
[2026-05-15 17:17:05] [INFO] 未找到文件: AFAE900121B00000ZACS002
[2026-05-15 17:17:05] [INFO] 未找到文件: AFAE900121B00000ZACS003
[2026-05-15 17:17:05] [INFO] 未找到文件: AFAE900121B00000ZACS004
[2026-05-15 17:17:05] [INFO] 警告: 360481203200100.xlsx 没有工作表，跳过
[2026-05-15 17:17:05] [INFO] 未找到文件: AFAE900128H00000ZACS001
[2026-05-15 17:17:05] [INFO] 未找到文件: AFAE900128H00000ZACS002
[2026-05-15 17:17:05] [INFO] 未找到文件: AFAE900128H00000ZACS003
[2026-05-15 17:17:05] [INFO] 未找到文件: AFAE900128H00000ZACS004
[2026-05-15 17:17:05] [INFO] 警告: 360481002210102.xlsx 没有工作表，跳过
[2026-05-15 17:17:05] [INFO] 未找到文件: AFAE900128H00000ZACS005
[2026-05-15 17:17:05] [INFO] 未找到文件: AFAE900128H00000ZACS006
[2026-05-15 17:17:05] [INFO] 未找到文件: AFAE900128H00000ZACS007
[2026-05-15 17:17:05] [INFO] 未找到文件: AFAE900128H00000ZACS008
[2026-05-15 17:17:05] [INFO] 警告: 360481002209110.xlsx 没有工作表，跳过
[2026-05-15 17:17:05] [INFO] 未找到文件: AFAE900122HF0000ZACS001
[2026-05-15 17:17:05] [INFO] 未找到文件: AFAE900122HF0000ZACS002
[2026-05-15 17:17:05] [INFO] 未找到文件: AFAE900122HF0000ZACS003
[2026-05-15 17:17:05] [INFO] 未找到文件: AFAE900122HF0000ZACS007
[2026-05-15 17:17:05] [INFO] 警告: 360421201201108.xlsx 没有工作表，跳过
[2026-05-15 17:17:05] [INFO] 未找到文件: AFAE900122HF0000ZACS004
[2026-05-15 17:17:05] [INFO] 未找到文件: AFAE900122HF0000ZACS005
[2026-05-15 17:17:05] [INFO] 未找到文件: AFAE900122HF0000ZACS006
[2026-05-15 17:17:05] [INFO] 未找到文件: AFAE900122HF0000ZACS007
[2026-05-15 17:17:05] [INFO] 警告: 360421201201114.xlsx 没有工作表，跳过
[2026-05-15 17:17:05] [INFO] 未找到文件: AFAE900122HF0000ZACS008
[2026-05-15 17:17:05] [INFO] 未找到文件: AFAE900122HF0000ZACS009
[2026-05-15 17:17:05] [INFO] 未找到文件: AFAE900122HF0000ZACS011
[2026-05-15 17:17:05] [INFO] 未找到文件: AFAE900122HF0000ZACS017
[2026-05-15 17:17:05] [INFO] 警告: 360421201203100.xlsx 没有工作表，跳过
[2026-05-15 17:17:05] [INFO] 未找到文件: AFAE900122HF0000ZACS014
[2026-05-15 17:17:05] [INFO] 未找到文件: AFAE900122HF0000ZACS015
[2026-05-15 17:17:05] [INFO] 未找到文件: AFAE900122HF0000ZACS016
[2026-05-15 17:17:05] [INFO] 未找到文件: AFAE900122HF0000ZACS017
[2026-05-15 17:17:05] [INFO] 警告: 360421201203103.xlsx 没有工作表，跳过
[2026-05-15 17:17:05] [INFO] 未找到文件: AFAE900122HF0000ZACS010
[2026-05-15 17:17:05] [INFO] 未找到文件: AFAE900122HF0000ZACS012
[2026-05-15 17:17:05] [INFO] 未找到文件: AFAE900122HF0000ZACS013
[2026-05-15 17:17:05] [INFO] 未找到文件: AFAE900122HF0000ZACS017
[2026-05-15 17:17:05] [INFO] 警告: 360421201203102.xlsx 没有工作表，跳过
[2026-05-15 17:17:06] [INFO] 复制工作表: E:\杂七杂八\trea项目\xiang\dist\成果\AFAE90012E000000ZBCS001.xlsx -> 360481AFAE90012E000000ZA0001.xlsx
[2026-05-15 17:17:06] [INFO] 复制工作表: E:\杂七杂八\trea项目\xiang\dist\成果\AFAE90012E000000ZBCS002.xlsx -> 360481AFAE90012E000000ZA0001.xlsx
[2026-05-15 17:17:06] [INFO] 未找到文件: AFAE90012E000000ZBCS003
[2026-05-15 17:17:06] [INFO] 未找到文件: AFAE90012E000000ZBCS006
[2026-05-15 17:17:06] [INFO] 未找到文件: AFAE90012D000000ZBCS001
[2026-05-15 17:17:06] [INFO] 未找到文件: AFAE90012D000000ZBCS002
[2026-05-15 17:17:06] [INFO] 未找到文件: AFAE90012D000000ZBCS003
[2026-05-15 17:17:06] [INFO] 未找到文件: AFAE90012D000000ZBCS004
[2026-05-15 17:17:06] [INFO] 未找到文件: AFAE90012D000000ZBCS005
[2026-05-15 17:17:06] [INFO] 未找到文件: AFAE90012D000000ZBCS006
[2026-05-15 17:17:06] [INFO] 已创建: 360481AFAE90012E000000ZA0001.xlsx
[2026-05-15 17:17:06] [INFO] 未找到文件: AFAE90012E000000ZBCS003
[2026-05-15 17:17:07] [INFO] 复制工作表: E:\杂七杂八\trea项目\xiang\dist\成果\AFAE90012E000000ZBCS004.xlsx -> 360481AFAE90012E000000ZA0002.xlsx
[2026-05-15 17:17:07] [INFO] 复制工作表: E:\杂七杂八\trea项目\xiang\dist\成果\AFAE90012E000000ZBCS005.xlsx -> 360481AFAE90012E000000ZA0002.xlsx
[2026-05-15 17:17:07] [INFO] 未找到文件: AFAE90012E000000ZBCS006
[2026-05-15 17:17:07] [INFO] 未找到文件: AFAE90012D000000ZBCS001
[2026-05-15 17:17:07] [INFO] 未找到文件: AFAE90012D000000ZBCS002
[2026-05-15 17:17:07] [INFO] 未找到文件: AFAE90012D000000ZBCS003
[2026-05-15 17:17:07] [INFO] 未找到文件: AFAE90012D000000ZBCS004
[2026-05-15 17:17:07] [INFO] 未找到文件: AFAE90012D000000ZBCS005
[2026-05-15 17:17:07] [INFO] 未找到文件: AFAE90012D000000ZBCS006
[2026-05-15 17:17:07] [INFO] 已创建: 360481AFAE90012E000000ZA0002.xlsx
[2026-05-15 17:17:07] [INFO] 未找到文件: AFAE900121F00000ZBCS001
[2026-05-15 17:17:07] [INFO] 未找到文件: AFAE900121F00000ZBCS002
[2026-05-15 17:17:07] [INFO] 未找到文件: AFAE900121F00000ZBCS003
[2026-05-15 17:17:07] [INFO] 未找到文件: AFAE900121F00000ZBCS004
[2026-05-15 17:17:07] [INFO] 未找到文件: AFAE900121F00000ZBCS005
[2026-05-15 17:17:07] [INFO] 未找到文件: AFAE900121F00000ZBCS006
[2026-05-15 17:17:07] [INFO] 未找到文件: AFAE900121F00000ZBCS007
[2026-05-15 17:17:07] [INFO] 警告: 360722AFAE900121F00000ZA0001.xlsx 没有工作表，跳过
[2026-05-15 17:17:07] [INFO] 未找到文件: AFAE90012C000000ZBCS001
[2026-05-15 17:17:07] [INFO] 未找到文件: AFAE90012C000000ZBCS002
[2026-05-15 17:17:07] [INFO] 未找到文件: AFAE90012C000000ZBCS003
[2026-05-15 17:17:07] [INFO] 未找到文件: AFAE90012C000000ZBCS004
[2026-05-15 17:17:07] [INFO] 未找到文件: AFAE90012C000000ZBCS005
[2026-05-15 17:17:07] [INFO] 未找到文件: AFAE90012C000000ZBCS006
[2026-05-15 17:17:07] [INFO] 未找到文件: AFAE90012B000000ZBCS001
[2026-05-15 17:17:08] [INFO] 复制工作表: E:\杂七杂八\trea项目\xiang\dist\成果\AFAE90012B000000ZBCS002.xlsx -> 360481AFAE90012C000000ZA0001.xlsx
[2026-05-15 17:17:08] [INFO] 未找到文件: AFAE90012B000000ZBCS003
[2026-05-15 17:17:08] [INFO] 未找到文件: AFAE90012B000000ZBCS004
[2026-05-15 17:17:08] [INFO] 复制工作表: E:\杂七杂八\trea项目\xiang\dist\成果\AFAE90012B000000ZBCS005.xlsx -> 360481AFAE90012C000000ZA0001.xlsx
[2026-05-15 17:17:08] [INFO] 已创建: 360481AFAE90012C000000ZA0001.xlsx
[2026-05-15 17:17:08] [INFO] 未找到文件: AFAE900121E00000ZBCS001
[2026-05-15 17:17:08] [INFO] 未找到文件: AFAE900121E00000ZBCS002
[2026-05-15 17:17:08] [INFO] 未找到文件: AFAE900121E00000ZBCS003
[2026-05-15 17:17:08] [INFO] 未找到文件: AFAE900121E00000ZBCS004
[2026-05-15 17:17:09] [INFO] 复制工作表: E:\杂七杂八\trea项目\xiang\dist\成果\AFAE900121E00000ZBCS005.xlsx -> 360481AFAE900121E00000ZA0001.xlsx
[2026-05-15 17:17:09] [INFO] 未找到文件: AFAE900121E00000ZBCS006
[2026-05-15 17:17:09] [INFO] 已创建: 360481AFAE900121E00000ZA0001.xlsx
[2026-05-15 17:17:09] [INFO] 未找到文件: AFAE90012C000000ZBCS005
[2026-05-15 17:17:09] [INFO] 未找到文件: AFAE90012C000000ZBCS006
[2026-05-15 17:17:09] [INFO] 未找到文件: AFAE90012C000000ZBCS007
[2026-05-15 17:17:09] [INFO] 未找到文件: AFAE90012B000000ZBCS001
[2026-05-15 17:17:09] [INFO] 复制工作表: E:\杂七杂八\trea项目\xiang\dist\成果\AFAE90012B000000ZBCS002.xlsx -> 360481AFAE90012C000000ZA0002.xlsx
[2026-05-15 17:17:09] [INFO] 未找到文件: AFAE90012B000000ZBCS003
[2026-05-15 17:17:09] [INFO] 未找到文件: AFAE90012B000000ZBCS004
[2026-05-15 17:17:10] [INFO] 复制工作表: E:\杂七杂八\trea项目\xiang\dist\成果\AFAE90012B000000ZBCS005.xlsx -> 360481AFAE90012C000000ZA0002.xlsx
[2026-05-15 17:17:10] [INFO] 已创建: 360481AFAE90012C000000ZA0002.xlsx
[2026-05-15 17:17:10] [INFO] 未找到文件: AFAE900121D00000ZBCS001
[2026-05-15 17:17:10] [INFO] 未找到文件: AFAE900121D00000ZBCS002
[2026-05-15 17:17:10] [INFO] 未找到文件: AFAE900121D00000ZBCS003
[2026-05-15 17:17:10] [INFO] 未找到文件: AFAE900121D00000ZBCS004
[2026-05-15 17:17:10] [INFO] 未找到文件: AFAE900121D00000ZBCS005
[2026-05-15 17:17:10] [INFO] 未找到文件: AFAE900121D00000ZBCS006
[2026-05-15 17:17:10] [INFO] 未找到文件: AFAE900121D00000ZBCS007
[2026-05-15 17:17:10] [INFO] 未找到文件: AFAE900121D00000ZBCS008
[2026-05-15 17:17:10] [INFO] 未找到文件: AFAE900121D00000ZBCS009
[2026-05-15 17:17:10] [INFO] 未找到文件: AFAE900121D00000ZBCS010
[2026-05-15 17:17:10] [INFO] 未找到文件: AFAE900121D00000ZBCS011
[2026-05-15 17:17:10] [INFO] 警告: 360481AFAE900121D00000ZA0001.xlsx 没有工作表，跳过
[2026-05-15 17:17:10] [INFO] 未找到文件: AFAE900121D00000ZBCS003
[2026-05-15 17:17:10] [INFO] 未找到文件: AFAE900121D00000ZBCS004
[2026-05-15 17:17:10] [INFO] 未找到文件: AFAE900121D00000ZBCS005
[2026-05-15 17:17:10] [INFO] 未找到文件: AFAE900121D00000ZBCS006
[2026-05-15 17:17:10] [INFO] 未找到文件: AFAE900121D00000ZBCS007
[2026-05-15 17:17:10] [INFO] 未找到文件: AFAE900121D00000ZBCS008
[2026-05-15 17:17:10] [INFO] 未找到文件: AFAE900121D00000ZBCS009
[2026-05-15 17:17:10] [INFO] 未找到文件: AFAE900121D00000ZBCS010
[2026-05-15 17:17:10] [INFO] 未找到文件: AFAE900121D00000ZBCS011
[2026-05-15 17:17:10] [INFO] 警告: 360481AFAE900121D00000ZA0002.xlsx 没有工作表，跳过
[2026-05-15 17:17:10] [INFO] 未找到文件: AFAE900121D00000ZBCS006
[2026-05-15 17:17:10] [INFO] 未找到文件: AFAE900121D00000ZBCS007
[2026-05-15 17:17:10] [INFO] 未找到文件: AFAE900121D00000ZBCS008
[2026-05-15 17:17:10] [INFO] 未找到文件: AFAE900121D00000ZBCS009
[2026-05-15 17:17:10] [INFO] 未找到文件: AFAE900121D00000ZBCS010
[2026-05-15 17:17:10] [INFO] 未找到文件: AFAE900121D00000ZBCS011
[2026-05-15 17:17:10] [INFO] 警告: 360481AFAE900121D00000ZA0003.xlsx 没有工作表，跳过
[2026-05-15 17:17:10] [INFO] 未找到文件: AFAE90012A000000ZBCS001
[2026-05-15 17:17:10] [INFO] 未找到文件: AFAE90012A000000ZBCS002
[2026-05-15 17:17:10] [INFO] 未找到文件: AFAE90012A000000ZBCS003
[2026-05-15 17:17:11] [INFO] 复制工作表: E:\杂七杂八\trea项目\xiang\dist\成果\AFAE90012A000000ZBCS004.xlsx -> 360481AFAE90012A000000ZA0001.xlsx
[2026-05-15 17:17:11] [INFO] 未找到文件: AFAE90012A000000ZBCS005
[2026-05-15 17:17:11] [INFO] 未找到文件: AFAE90012A000000ZBCS006
[2026-05-15 17:17:11] [INFO] 未找到文件: AFAE90012A000000ZBCS008
[2026-05-15 17:17:11] [INFO] 未找到文件: AFAE90012A000000ZBCS009
[2026-05-15 17:17:11] [INFO] 未找到文件: AFAE90012A000000ZBCS010
[2026-05-15 17:17:11] [INFO] 已创建: 360481AFAE90012A000000ZA0001.xlsx
[2026-05-15 17:17:11] [INFO] 未找到文件: AFAE90012A000000ZBCS005
[2026-05-15 17:17:11] [INFO] 未找到文件: AFAE90012A000000ZBCS006
[2026-05-15 17:17:11] [INFO] 未找到文件: AFAE90012A000000ZBCS007
[2026-05-15 17:17:11] [INFO] 未找到文件: AFAE90012A000000ZBCS008
[2026-05-15 17:17:11] [INFO] 未找到文件: AFAE90012A000000ZBCS009
[2026-05-15 17:17:11] [INFO] 未找到文件: AFAE90012A000000ZBCS010
[2026-05-15 17:17:11] [INFO] 未找到文件: AFAE90012A000000ZBCS014
[2026-05-15 17:17:11] [INFO] 未找到文件: AFAE900129000000ZBCS001
[2026-05-15 17:17:11] [INFO] 警告: 360481AFAE90012A000000ZA0003.xlsx 没有工作表，跳过
[2026-05-15 17:17:11] [INFO] 未找到文件: AFAE90012A000000ZBCS012
[2026-05-15 17:17:11] [INFO] 未找到文件: AFAE90012A000000ZBCS013
[2026-05-15 17:17:11] [INFO] 未找到文件: AFAE90012A000000ZBCS014
[2026-05-15 17:17:11] [INFO] 未找到文件: AFAE900129000000ZBCS001
[2026-05-15 17:17:11] [INFO] 未找到文件: AFAE900121B00000ZBCS001
[2026-05-15 17:17:11] [INFO] 未找到文件: AFAE900121B00000ZBCS002
[2026-05-15 17:17:11] [INFO] 未找到文件: AFAE900121B00000ZBCS003
[2026-05-15 17:17:11] [INFO] 未找到文件: AFAE900121B00000ZBCS004
[2026-05-15 17:17:11] [INFO] 未找到文件: AFAE900121B00000ZBCS005
[2026-05-15 17:17:11] [INFO] 警告: 360481AFAE90012A000000ZA0004.xlsx 没有工作表，跳过
[2026-05-15 17:17:11] [INFO] 未找到文件: AFAE900121B00000ZBCS001
[2026-05-15 17:17:11] [INFO] 未找到文件: AFAE900121B00000ZBCS002
[2026-05-15 17:17:11] [INFO] 未找到文件: AFAE900121B00000ZBCS003
[2026-05-15 17:17:11] [INFO] 未找到文件: AFAE900121B00000ZBCS004
[2026-05-15 17:17:11] [INFO] 未找到文件: AFAE900121B00000ZBCS005
[2026-05-15 17:17:11] [INFO] 警告: 360481AFAE900121B00000ZA0001.xlsx 没有工作表，跳过
[2026-05-15 17:17:11] [INFO] 未找到文件: AFAE900128H00000ZBCS001
[2026-05-15 17:17:11] [INFO] 未找到文件: AFAE900128H00000ZBCS002
[2026-05-15 17:17:11] [INFO] 未找到文件: AFAE900128H00000ZBCS003
[2026-05-15 17:17:11] [INFO] 未找到文件: AFAE900128H00000ZBCS004
[2026-05-15 17:17:11] [INFO] 未找到文件: AFAE900128H00000ZBCS005
[2026-05-15 17:17:11] [INFO] 未找到文件: AFAE900128H00000ZBCS006
[2026-05-15 17:17:11] [INFO] 未找到文件: AFAE900128H00000ZBCS008
[2026-05-15 17:17:11] [INFO] 未找到文件: AFAE900128H00000ZBCS009
[2026-05-15 17:17:11] [INFO] 未找到文件: AFAE900128H00000ZBCS010
[2026-05-15 17:17:11] [INFO] 未找到文件: AFAE900128H00000ZBCS011
[2026-05-15 17:17:11] [INFO] 未找到文件: AFAE900128H00000ZBCS012
[2026-05-15 17:17:11] [INFO] 警告: 360481AFAE900128H00000ZA0001.xlsx 没有工作表，跳过
[2026-05-15 17:17:11] [INFO] 未找到文件: AFAE900128H00000ZBCS007
[2026-05-15 17:17:11] [INFO] 未找到文件: AFAE900128H00000ZBCS008
[2026-05-15 17:17:11] [INFO] 未找到文件: AFAE900128H00000ZBCS009
[2026-05-15 17:17:11] [INFO] 未找到文件: AFAE900128H00000ZBCS010
[2026-05-15 17:17:11] [INFO] 未找到文件: AFAE900128H00000ZBCS011
[2026-05-15 17:17:11] [INFO] 未找到文件: AFAE900128H00000ZBCS012
[2026-05-15 17:17:11] [INFO] 警告: 360481AFAE900128H00000ZA0002.xlsx 没有工作表，跳过
[2026-05-15 17:17:11] [INFO] 未找到文件: AFAE900122HF0000ZBCS001
[2026-05-15 17:17:11] [INFO] 未找到文件: AFAE900122HF0000ZBCS002
[2026-05-15 17:17:11] [INFO] 未找到文件: AFAE900122HF0000ZBCS003
[2026-05-15 17:17:11] [INFO] 未找到文件: AFAE900122HF0000ZBCS004
[2026-05-15 17:17:11] [INFO] 警告: 360421AFAE900122HF0000ZA0001.xlsx 没有工作表，跳过
[2026-05-15 17:17:11] [INFO] 未找到文件: AFAE900122HF0000ZBCS005
[2026-05-15 17:17:11] [INFO] 未找到文件: AFAE900122HF0000ZBCS006
[2026-05-15 17:17:11] [INFO] 未找到文件: AFAE900122HF0000ZBCS007
[2026-05-15 17:17:11] [INFO] 未找到文件: AFAE900122HF0000ZBCS008
[2026-05-15 17:17:11] [INFO] 未找到文件: AFAE900122HF0000ZBCS011
[2026-05-15 17:17:11] [INFO] 未找到文件: AFAE900122HF0000ZBCS012
[2026-05-15 17:17:11] [INFO] 警告: 360421AFAE900122HF0000ZA0002.xlsx 没有工作表，跳过
[2026-05-15 17:17:11] [INFO] 未找到文件: AFAE900122HF0000ZBCS009
[2026-05-15 17:17:11] [INFO] 未找到文件: AFAE900122HF0000ZBCS010
[2026-05-15 17:17:11] [INFO] 未找到文件: AFAE900122HF0000ZBCS011
[2026-05-15 17:17:11] [INFO] 未找到文件: AFAE900122HF0000ZBCS012
[2026-05-15 17:17:11] [INFO] 未找到文件: AFAE900122HF0000ZBCS013
[2026-05-15 17:17:11] [INFO] 警告: 360421AFAE900122HF0000ZA0003.xlsx 没有工作表，跳过
[2026-05-15 17:17:11] [INFO] 未找到文件: AFAE900122HF0000ZBCS014
[2026-05-15 17:17:11] [INFO] 未找到文件: AFAE900122HF0000ZBCS015
[2026-05-15 17:17:11] [INFO] 未找到文件: AFAE900122HF0000ZBCS016
[2026-05-15 17:17:11] [INFO] 未找到文件: AFAE900122HF0000ZBCS017
[2026-05-15 17:17:11] [INFO] 未找到文件: AFAE900122HF0000ZBCS018
[2026-05-15 17:17:11] [INFO] 警告: 360421AFAE900122HF0000ZA0004.xlsx 没有工作表，跳过
[2026-05-15 17:17:11] [INFO] 未找到文件: AFAE900122HF0000ZBCS019
[2026-05-15 17:17:11] [INFO] 未找到文件: AFAE900122HF0000ZBCS020
[2026-05-15 17:17:11] [INFO] 未找到文件: AFAE900122HF0000ZBCS021
[2026-05-15 17:17:11] [INFO] 未找到文件: AFAE900122HF0000ZBCS022
[2026-05-15 17:17:11] [INFO] 警告: 360421AFAE900122HF0000ZA0005.xlsx 没有工作表，跳过
[2026-05-15 17:17:11] [INFO] ===== 合并完成 =====
